"Alignment ID","Average Rt(min)","Average Mz","Metabolite name","Adduct type","Post curation result","Fill %","MS/MS assigned","Reference RT","Reference m/z","Formula","Ontology","INCHIKEY","SMILES","Annotation tag (VS1.0)","RT matched","m/z matched","MS/MS matched","Total score","RT similarity","Dot product","Reverse dot product","Fragment presence %","S/N average","blank_1","blank_2","blank_3","blank_4","exudate_1","exudate_2","exudate_3","FC_1","FC_2","FC_3","fungi_old_1","fungi_old_2","fungi_old_3","leaf_1","leaf_2","leaf_3","new_in_P08","new_in_P09","new_in_P10","new_out_P08","new_out_P09","new_out_P10","root_1","root_2","root_3","Soil_control_1","Soil_control_2","Soil_control_3","feature_name","blank_mean","maximum_biological_signal","sample_to_blank_ratio","present_in_any_group","number_detected","leaf_detected_n","root_detected_n","exudate_detected_n","soil_detected_n","leaf_present","root_present","exudate_present","soil_present","plant_pattern","RT_flag","MSMS_flag","annotation_flag","plant_candidate_class","leaf_mean_raw","root_mean_raw","exudate_mean_raw","soil_mean_raw"
4601,0.417,494.81091,"Unknown","[M+H]+",NA,0.357,FALSE,"null","null","null","null","null","null",999,FALSE,FALSE,FALSE,"null","null","null","null","null",2519.11,0,0,0,0,54904,51386,49920,168105,124364,155656,156112,172976,158587,0,0,0,88723,118678,85444,169543,208833,176572,0,15057,18571,0,0,33718,"F4601_mz494.8109_rt0.42",0,208833,208834,TRUE,18,0,2,3,1,FALSE,TRUE,TRUE,FALSE,"Root + Exudate","Very early RT","No MS/MS assignment","Unknown","Root + Exudate; absent Leaf/Soil",0,11209.3333333333,52070,11239.3333333333
2544,0.897,260.1973,"Unknown","[M+H]+","ion correlated with 806; ion correlated with 2928; ion correlated with 1958; ion correlated with 1993; ion correlated with 350; ion correlated with 765",0.357,TRUE,"null","null","null","null","null","null",999,FALSE,FALSE,FALSE,"null","null","null","null","null",8489.63,0,0,3192,0,2894,0,2337,14723480,20256288,18672238,3693864,114246,171432,0,0,0,3761736,5966644,4303394,11583611,12940279,14647884,0,21217,22004,0,0,4790,"F2544_mz260.1973_rt0.9",1064,20256288,19019.9896713615,TRUE,17,0,2,2,1,FALSE,TRUE,TRUE,FALSE,"Root + Exudate","Early RT","MS/MS available","Unknown","Root + Exudate; absent Leaf/Soil",0,14407,1743.66666666667,1596.66666666667
1207,1.259,164.10722,"Unknown","[M+H]+","ion correlated with 580; ion correlated with 728",0.25,TRUE,"null","null","null","null","null","null",999,FALSE,FALSE,FALSE,"null","null","null","null","null",275.22,3527,1996,3801,0,0,3217,395,96862,97702,94611,1600034,3005205,2789257,0,0,0,89645,168894,102849,120989,189708,145622,0,2404,2223,1991,0,0,"F1207_mz164.1072_rt1.26",3108,3005205,966.614988742361,TRUE,17,0,2,2,1,FALSE,TRUE,TRUE,FALSE,"Root + Exudate","RT >= 1 min","MS/MS available","Unknown","Root + Exudate; absent Leaf/Soil",0,1542.33333333333,1204,663.666666666667
1085,0.441,155.04285,"Unknown","[M+H]+","ion correlated with 93; ion correlated with 71; ion correlated with 4479; ion correlated with 4409",0.429,FALSE,"null","null","null","null","null","null",999,FALSE,FALSE,FALSE,"null","null","null","null","null",237.26,8711,20334,5237,0,11928,19102,24992,2376630,2703958,2362838,1421761,22639,19168,0,34083,0,1784982,2608626,2025942,2783139,2892060,2601550,217155,290349,170705,0,0,7531,"F1085_mz155.0428_rt0.44",11427.3333333333,2892060,253.060609596033,TRUE,20,1,3,3,1,FALSE,TRUE,TRUE,FALSE,"Root + Exudate","Very early RT","No MS/MS assignment","Unknown","Root + Exudate; absent Leaf/Soil",11361,226069.666666667,18674,2510.33333333333
5091,9.703,739.74512,"Unknown","[M+H]+",NA,0.071,FALSE,"null","null","null","null","null","null",999,FALSE,FALSE,FALSE,"null","null","null","null","null",26.46,79128,0,0,0,17666,2387,53767,0,0,738,0,1771,1539,0,0,0,0,138137,9442,77185,0,0,133201,62880,0,0,0,574,"F5091_mz739.7451_rt9.7",26376,138137,5.23706259241005,TRUE,12,0,2,3,1,FALSE,TRUE,TRUE,FALSE,"Root + Exudate","RT >= 1 min","No MS/MS assignment","Unknown","Root + Exudate; absent Leaf/Soil",0,65360.3333333333,24606.6666666667,191.333333333333
3781,0.549,360.15039,"Unknown","[M+H]+",NA,0.179,TRUE,"null","null","null","null","null","null",999,FALSE,FALSE,FALSE,"null","null","null","null","null",9624.85,0,0,0,0,1055,0,26112,24729742,24844686,20871732,14581873,4945256,4665228,15446169,13351759,24078092,8046914,12624237,8003516,19735436,21239356,19101216,1254883,1403900,858944,0,0,0,"F3781_mz360.1504_rt0.55",0,24844686,24844687,TRUE,20,3,3,2,0,TRUE,TRUE,TRUE,FALSE,"Leaf + Root + Exudate","Early RT","MS/MS available","Unknown","Leaf + Root + Exudate; absent Soil",17625340,1172575.66666667,9055.66666666667,0
1621,0.476,193.07092,"Unknown","[M+H]+","ion correlated with 2176; ion correlated with 1879; ion correlated with 2202; ion correlated with 3203; ion correlated with 2771; ion correlated with 2231",0.214,TRUE,"null","null","null","null","null","null",999,FALSE,FALSE,FALSE,"null","null","null","null","null",225.12,0,0,0,0,0,9830,6220,0,0,0,33636,0,0,14195091,12189693,14009478,0,0,0,0,0,0,2344451,1840902,1593625,0,0,0,"F1621_mz193.0709_rt0.48",0,14195091,14195092,TRUE,9,3,3,2,0,TRUE,TRUE,TRUE,FALSE,"Leaf + Root + Exudate","Very early RT","MS/MS available","Unknown","Leaf + Root + Exudate; absent Soil",13464754,1926326,5350,0
387,0.447,106.04995,"Unknown","[M+H]+","ion correlated with 336; ion correlated with 783; ion correlated with 776; ion correlated with 4587; similar chromatogram in higher mz_3459; similar chromatogram in higher mz_3276",0.571,TRUE,"null","null","null","null","null","null",999,FALSE,FALSE,FALSE,"null","null","null","null","null",1893.79,0,0,0,0,9448,29039,12572,6963424,7896946,6275698,3557974,163881,93004,1219902,988243,975108,7341653,8958309,7632013,8682648,9271355,9039822,870015,931447,946446,0,0,52979,"F387_mz106.05_rt0.45",0,9271355,9271356,TRUE,22,3,3,3,1,TRUE,TRUE,TRUE,FALSE,"Leaf + Root + Exudate","Very early RT","MS/MS available","Unknown","Leaf + Root + Exudate; absent Soil",1061084.33333333,915969.333333333,17019.6666666667,17659.6666666667
3515,3.553,335.22198,"Unknown","[M+H]+","ion correlated with 3115; ion correlated with 3702; ion correlated with 3318; ion correlated with 3338; ion correlated with 2474; ion correlated with 2676; ion correlated with 3745; ion correlated with 3906; ion correlated with 5005; ion correlated with 5013; similar chromatogram in higher mz_3942; similar chromatogram in higher mz_3996",0.107,TRUE,"null","null","null","null","null","null",999,FALSE,FALSE,FALSE,"null","null","null","null","null",94.13,0,0,0,0,2740,0,1652,0,0,0,2553,2081,0,1990828,2459904,6401209,1560,336,0,0,2013,1407,15833,1378,9316,0,0,0,"F3515_mz335.222_rt3.55",0,6401209,6401210,TRUE,14,3,3,2,0,TRUE,TRUE,TRUE,FALSE,"Leaf + Root + Exudate","RT >= 1 min","MS/MS available","Unknown","Leaf + Root + Exudate; absent Soil",3617313.66666667,8842.33333333333,1464,0
4676,0.487,522.20361,"Unknown","[M+H]+",NA,0.536,TRUE,"null","null","null","null","null","null",999,FALSE,FALSE,FALSE,"null","null","null","null","null",23581.81,0,0,0,0,2820,8083,0,3224087,2509624,2506437,4042362,3253325,3137366,108126,270941,211128,4509700,4115352,4630106,3862045,3481396,2968236,52526,160273,118933,0,0,0,"F4676_mz522.2036_rt0.49",0,4630106,4630107,TRUE,20,3,3,2,0,TRUE,TRUE,TRUE,FALSE,"Leaf + Root + Exudate","Very early RT","MS/MS available","Unknown","Leaf + Root + Exudate; absent Soil",196731.666666667,110577.333333333,3634.33333333333,0
1505,0.466,184.07347,"Unknown","[M+H]+","ion correlated with 1828; ion correlated with 2965; ion correlated with 2415; found in higher mz's MsMs_2511",0.607,FALSE,"null","null","null","null","null","null",999,FALSE,FALSE,FALSE,"null","null","null","null","null",159.08,0,0,0,0,47134,37635,50469,1001901,1079274,760320,955050,540778,552521,3699718,3370481,4247745,387027,497256,411819,643229,690361,791353,105988,202316,195872,0,7217,0,"F1505_mz184.0735_rt0.47",0,4247745,4247746,TRUE,22,3,3,3,1,TRUE,TRUE,TRUE,FALSE,"Leaf + Root + Exudate","Very early RT","No MS/MS assignment","Unknown","Leaf + Root + Exudate; absent Soil",3772648,168058.666666667,45079.3333333333,2405.66666666667
3309,1.04,317.13889,"Unknown","[M+H]+","ion correlated with 1654; ion correlated with 1405; ion correlated with 3171; ion correlated with 3624; ion correlated with 2793; ion correlated with 3937; ion correlated with 3608; ion correlated with 1217; ion correlated with 4207; ion correlated with 4658; ion correlated with 4759; ion correlated with 1837; ion correlated with 799; ion correlated with 392; ion correlated with 4649; ion correlated with 819; ion correlated with 3463; ion correlated with 4722; ion correlated with 3491; ion correlated with 4603",0.107,FALSE,"null","null","null","null","null","null",999,FALSE,FALSE,FALSE,"null","null","null","null","null",235.42,0,0,0,0,2485,2283,2083,1960,17056,4749,7027,12292,27940,1583827,975955,1348696,0,0,17076,32806,3193,27796,162259,24756,17750,0,0,0,"F3309_mz317.1389_rt1.04",0,1583827,1583828,TRUE,19,3,3,3,0,TRUE,TRUE,TRUE,FALSE,"Leaf + Root + Exudate","RT >= 1 min","No MS/MS assignment","Unknown","Leaf + Root + Exudate; absent Soil",1302826,68255,2283.66666666667,0
2903,0.482,287.12415,"Unknown","[M+H]+","ion correlated with 3508; ion correlated with 1373; ion correlated with 2556",0.25,FALSE,"null","null","null","null","null","null",999,FALSE,FALSE,FALSE,"null","null","null","null","null",61.03,0,0,0,0,0,3900,1007,113171,62244,144180,67366,159696,178209,579319,735414,696976,0,84921,0,142974,0,127555,13378,0,17047,0,0,3777,"F2903_mz287.1242_rt0.48",0,735414,735415,TRUE,17,3,2,2,1,TRUE,TRUE,TRUE,FALSE,"Leaf + Root + Exudate","Very early RT","No MS/MS assignment","Unknown","Leaf + Root + Exudate; absent Soil",670569.666666667,10141.6666666667,1635.66666666667,1259
2902,0.927,287.11072,"Unknown","[M+H]+","ion correlated with 4069; ion correlated with 3268; ion correlated with 521; ion correlated with 1686; ion correlated with 3389; ion correlated with 3170; ion correlated with 4123; ion correlated with 4880; ion correlated with 1393; ion correlated with 3860; ion correlated with 2553; ion correlated with 1904; ion correlated with 4002; ion correlated with 3955; ion correlated with 4029",0.036,FALSE,"null","null","null","null","null","null",999,FALSE,FALSE,FALSE,"null","null","null","null","null",93.88,0,0,0,0,0,1898,1920,0,0,0,0,26853,0,547528,398026,414774,0,0,0,0,0,0,60359,24931,33704,0,0,0,"F2902_mz287.1107_rt0.93",0,547528,547529,TRUE,9,3,3,2,0,TRUE,TRUE,TRUE,FALSE,"Leaf + Root + Exudate","Early RT","No MS/MS assignment","Unknown","Leaf + Root + Exudate; absent Soil",453442.666666667,39664.6666666667,1272.66666666667,0
3733,1.17,355.17358,"Unknown","[M+H]+","ion correlated with 4167; ion correlated with 4019; ion correlated with 1764; ion correlated with 4640; ion correlated with 4223; ion correlated with 4153; ion correlated with 4192; ion correlated with 3143; ion correlated with 4250; ion correlated with 1598; ion correlated with 1870; ion correlated with 4797; ion correlated with 4792; ion correlated with 2013; ion correlated with 4871",0.107,FALSE,"null","null","null","null","null","null",999,FALSE,FALSE,FALSE,"null","null","null","null","null",55.77,0,0,0,0,2544,2200,1695,7076,4878,0,0,0,11004,507570,413162,255331,3546,0,0,0,0,8040,60636,30207,4771,0,0,0,"F3733_mz355.1736_rt1.17",0,507570,507571,TRUE,14,3,3,3,0,TRUE,TRUE,TRUE,FALSE,"Leaf + Root + Exudate","RT >= 1 min","No MS/MS assignment","Unknown","Leaf + Root + Exudate; absent Soil",392021,31871.3333333333,2146.33333333333,0
468,0.441,112.8959,"Unknown","[M+H]+","similar chromatogram in higher mz_1366; similar chromatogram in higher mz_1906; similar chromatogram in higher mz_1874; similar chromatogram in higher mz_1394; similar chromatogram in higher mz_1934; similar chromatogram in higher mz_3138",0.214,FALSE,"null","null","null","null","null","null",999,FALSE,FALSE,FALSE,"null","null","null","null","null",268.83,0,0,0,0,0,6601,12383,78906,79214,57570,205312,459379,376476,337384,144312,228354,17374,0,15616,0,16685,42577,8947,13264,17714,0,0,0,"F468_mz112.8959_rt0.44",0,459379,459380,TRUE,18,3,3,2,0,TRUE,TRUE,TRUE,FALSE,"Leaf + Root + Exudate","Very early RT","No MS/MS assignment","Unknown","Leaf + Root + Exudate; absent Soil",236683.333333333,13308.3333333333,6328,0
4259,0.416,420.80542,"Unknown","[M+H]+","ion correlated with 4169; ion correlated with 4582; ion correlated with 4589; ion correlated with 4787; ion correlated with 3927; ion correlated with 4463; ion correlated with 4476; ion correlated with 4725; ion correlated with 4731; ion correlated with 1230; ion correlated with 4249; ion correlated with 3230; ion correlated with 998; ion correlated with 1872; ion correlated with 4124; ion correlated with 3142",0.107,FALSE,"null","null","null","null","null","null",999,FALSE,FALSE,FALSE,"null","null","null","null","null",4852.16,0,0,0,0,33422,9736,23757,23507,22178,22818,21041,0,11970,244621,197798,285406,5032,0,7038,25451,19566,12882,0,12259,47734,30236,0,0,"F4259_mz420.8054_rt0.42",0,285406,285407,TRUE,19,3,2,3,1,TRUE,TRUE,TRUE,FALSE,"Leaf + Root + Exudate","Very early RT","No MS/MS assignment","Unknown","Leaf + Root + Exudate; absent Soil",242608.333333333,19997.6666666667,22305,10078.6666666667
4135,0.391,400.93881,"Unknown","[M+H]+","ion correlated with 3999",0.143,FALSE,"null","null","null","null","null","null",999,FALSE,FALSE,FALSE,"null","null","null","null","null",4263.32,0,0,0,0,20958,19190,0,31177,64165,33534,41141,23289,10827,227926,153342,266400,6355,16369,9955,15327,42155,7095,66178,96879,204996,0,44467,0,"F4135_mz400.9388_rt0.39",0,266400,266401,TRUE,21,3,3,2,1,TRUE,TRUE,TRUE,FALSE,"Leaf + Root + Exudate","Very early RT","No MS/MS assignment","Unknown","Leaf + Root + Exudate; absent Soil",215889.333333333,122684.333333333,13382.6666666667,14822.3333333333
4384,0.416,442.79657,"Unknown","[M+H]+",NA,0.107,FALSE,"null","null","null","null","null","null",999,FALSE,FALSE,FALSE,"null","null","null","null","null",3909.91,0,0,0,0,26180,7642,36349,53752,74146,47502,43767,27490,35616,248207,159422,178858,22347,43038,20444,55504,72399,65725,0,9564,39843,0,0,7582,"F4384_mz442.7966_rt0.42",0,248207,248208,TRUE,21,3,2,3,1,TRUE,TRUE,TRUE,FALSE,"Leaf + Root + Exudate","Very early RT","No MS/MS assignment","Unknown","Leaf + Root + Exudate; absent Soil",195495.666666667,16469,23390.3333333333,2527.33333333333
3020,1.234,295.10297,"Unknown","[M+H]+","similar chromatogram in higher mz_4871; similar chromatogram in higher mz_4825; similar chromatogram in higher mz_4620",0.214,FALSE,"null","null","null","null","null","null",999,FALSE,FALSE,FALSE,"null","null","null","null","null",63.87,0,0,0,0,0,1642,1752,140260,35985,21618,29099,132308,129914,186052,114439,235986,4317,7307,2900,16652,30904,25247,13829,0,6270,0,1511,0,"F3020_mz295.103_rt1.23",0,235986,235987,TRUE,20,3,2,2,1,TRUE,TRUE,TRUE,FALSE,"Leaf + Root + Exudate","RT >= 1 min","No MS/MS assignment","Unknown","Leaf + Root + Exudate; absent Soil",178825.666666667,6699.66666666667,1131.33333333333,503.666666666667
4446,6.54,455.31653,"Unknown","[M+H]+",NA,0.107,TRUE,"null","null","null","null","null","null",999,FALSE,FALSE,FALSE,"null","null","null","null","null",38.55,0,0,0,0,1350,2838,0,0,0,0,0,0,1094,197460,118928,219830,0,0,0,0,1336,0,83040,60216,51768,0,0,0,"F4446_mz455.3165_rt6.54",0,219830,219831,TRUE,10,3,3,2,0,TRUE,TRUE,TRUE,FALSE,"Leaf + Root + Exudate","RT >= 1 min","MS/MS available","Unknown","Leaf + Root + Exudate; absent Soil",178739.333333333,65008,1396,0
2932,6.248,288.24515,"Unknown","[M+H]+",NA,0.071,FALSE,"null","null","null","null","null","null",999,FALSE,FALSE,FALSE,"null","null","null","null","null",4.21,0,0,0,0,0,1283,1274,0,0,0,0,0,0,142119,116637,100112,0,0,0,0,0,0,125207,161127,103239,0,0,0,"F2932_mz288.2452_rt6.25",0,161127,161128,TRUE,8,3,3,2,0,TRUE,TRUE,TRUE,FALSE,"Leaf + Root + Exudate","RT >= 1 min","No MS/MS assignment","Unknown","Leaf + Root + Exudate; absent Soil",119622.666666667,129857.666666667,852.333333333333,0
3742,4.53,357.18314,"Unknown","[M+H]+","ion correlated with 4586; ion correlated with 3682; ion correlated with 2527; ion correlated with 2710; ion correlated with 2877; ion correlated with 3526; ion correlated with 3827; ion correlated with 3114",0.036,FALSE,"null","null","null","null","null","null",999,FALSE,FALSE,FALSE,"null","null","null","null","null",26.07,0,0,0,0,1492,1846,2191,0,0,0,0,0,2717,40735,81388,144337,0,0,1794,2169,1749,0,3432,0,1587,0,2882,0,"F3742_mz357.1831_rt4.53",0,144337,144338,TRUE,13,3,2,3,1,TRUE,TRUE,TRUE,FALSE,"Leaf + Root + Exudate","RT >= 1 min","No MS/MS assignment","Unknown","Leaf + Root + Exudate; absent Soil",88820,1673,1843,960.666666666667
3005,0.456,294.00385,"Unknown","[M+H]+",NA,0.143,FALSE,"null","null","null","null","null","null",999,FALSE,FALSE,FALSE,"null","null","null","null","null",648.96,0,0,0,0,7433,5038,3587,0,0,0,0,0,0,18006,114883,0,59260,76674,56532,0,0,8555,142336,122287,111860,0,0,3974,"F3005_mz294.0038_rt0.46",0,142336,142337,TRUE,13,2,3,3,1,TRUE,TRUE,TRUE,FALSE,"Leaf + Root + Exudate","Very early RT","No MS/MS assignment","Unknown","Leaf + Root + Exudate; absent Soil",44296.3333333333,125494.333333333,5352.66666666667,1324.66666666667
4672,0.413,520.80798,"Unknown","[M+H]+","ion correlated with 4589; ion correlated with 4630; ion correlated with 3138",0.107,FALSE,"null","null","null","null","null","null",999,FALSE,FALSE,FALSE,"null","null","null","null","null",2311.12,0,0,0,0,37294,13256,15598,0,0,0,0,0,0,116311,108995,121363,0,0,0,0,0,0,8892,23086,52321,0,0,0,"F4672_mz520.808_rt0.41",0,121363,121364,TRUE,9,3,3,3,0,TRUE,TRUE,TRUE,FALSE,"Leaf + Root + Exudate","Very early RT","No MS/MS assignment","Unknown","Leaf + Root + Exudate; absent Soil",115556.333333333,28099.6666666667,22049.3333333333,0
3609,0.416,345.16772,"Unknown","[M+H]+",NA,0.036,FALSE,"null","null","null","null","null","null",999,FALSE,FALSE,FALSE,"null","null","null","null","null",49.63,0,0,0,0,21962,28516,7298,27260,20561,21347,14108,7035,25550,76435,100356,83767,21043,31277,23673,11154,36691,0,16934,36079,33830,0,0,22161,"F3609_mz345.1677_rt0.42",0,100356,100357,TRUE,21,3,3,3,1,TRUE,TRUE,TRUE,FALSE,"Leaf + Root + Exudate","Very early RT","No MS/MS assignment","Unknown","Leaf + Root + Exudate; absent Soil",86852.6666666667,28947.6666666667,19258.6666666667,7387
1380,0.44,175.1192,"Unknown","[M+H]+",NA,0.643,TRUE,"null","null","null","null","null","null",999,FALSE,FALSE,FALSE,"null","null","null","null","null",9546.61,0,3167,6495,0,3714,1247,4816,68711720,93882488,89904928,26598530,578613,565594,141344720,173703744,142011248,26881606,42550916,33092132,54760424,70745264,71514024,50005972,51022820,25753818,0,0,0,"F1380_mz175.1192_rt0.44",3220.66666666667,173703744,53917.3548887739,TRUE,21,3,3,3,0,TRUE,TRUE,TRUE,FALSE,"Leaf + Root + Exudate","Very early RT","MS/MS available","Unknown","Leaf + Root + Exudate; absent Soil",152353237.333333,42260870,3259,0
3520,2.064,335.22223,"Unknown","[M+H]+","ion correlated with 3323",0.321,TRUE,"null","null","null","null","null","null",999,FALSE,FALSE,FALSE,"null","null","null","null","null",1195.39,7538,5044,0,0,2921,1678,1857,184773,225673,226961,53692,2381,0,116792560,78356184,92514440,16424,29490,18785,70641,126974,136330,325751,42828,113636,0,1651,0,"F3520_mz335.2222_rt2.06",4194,116792560,27840.8965435042,TRUE,21,3,3,3,1,TRUE,TRUE,TRUE,FALSE,"Leaf + Root + Exudate","RT >= 1 min","MS/MS available","Unknown","Leaf + Root + Exudate; absent Soil",95887728,160738.333333333,2152,550.333333333333
3782,0.477,360.15045,"Unknown","[M+H]+",NA,0.643,TRUE,"null","null","null","null","null","null",999,FALSE,FALSE,FALSE,"null","null","null","null","null",11282.18,7665,0,0,0,14304,4034,26112,28844946,24147974,20823348,22431754,8566587,9172838,22638568,26103252,24078092,37541476,35360316,37493608,31046202,26921550,23081774,8425662,8249732,5541022,0,0,0,"F3782_mz360.1504_rt0.48",2555,37541476,14687.5888106416,TRUE,21,3,3,3,0,TRUE,TRUE,TRUE,FALSE,"Leaf + Root + Exudate","Very early RT","MS/MS available","Unknown","Leaf + Root + Exudate; absent Soil",24273304,7405472,14816.6666666667,0
1031,0.696,150.05849,"Unknown","[M+H]+","similar chromatogram in higher mz_3697",0.464,TRUE,"null","null","null","null","null","null",999,FALSE,FALSE,FALSE,"null","null","null","null","null",6356.01,2596,6976,3531,0,8479,4361,2596,40344132,54933724,51543436,19318772,97572,110834,1824924,1120921,2652799,6970857,10989488,6036328,21767850,39286716,41550464,0,22458,94313,0,6689,0,"F1031_mz150.0585_rt0.7",4367.66666666667,54933724,12574.4830611933,TRUE,21,3,2,3,1,TRUE,TRUE,TRUE,FALSE,"Leaf + Root + Exudate","Early RT","MS/MS available","Unknown","Leaf + Root + Exudate; absent Soil",1866214.66666667,38923.6666666667,5145.33333333333,2229.66666666667
987,1.027,147.0442,"Unknown","[M+H]+","ion correlated with 4557; found in higher mz's MsMs_4658; found in higher mz's MsMs_3562; found in higher mz's MsMs_2969; found in higher mz's MsMs_1217",0.036,TRUE,"null","null","null","null","null","null",999,FALSE,FALSE,FALSE,"null","null","null","null","null",101.27,0,0,3105,0,2506,0,1840,17378,10362,23791,0,5831,8005,6269876,6632172,3599656,0,9503,0,7341,24928,12007,87920,93924,90611,2458,0,0,"F987_mz147.0442_rt1.03",1035,6632172,6401.71138996139,TRUE,18,3,3,2,1,TRUE,TRUE,TRUE,FALSE,"Leaf + Root + Exudate","RT >= 1 min","MS/MS available","Unknown","Leaf + Root + Exudate; absent Soil",5500568,90818.3333333333,1448.66666666667,819.333333333333
783,0.452,134.04491,"Unknown","[M+H]+","ion correlated with 387; ion correlated with 776; similar chromatogram in higher mz_2083; similar chromatogram in higher mz_4395; similar chromatogram in higher mz_3492; similar chromatogram in higher mz_3180",0.643,TRUE,"null","null","null","null","null","null",999,FALSE,FALSE,FALSE,"null","null","null","null","null",993.67,0,4598,2923,0,24060,15887,14200,7222506,7605970,5798793,4065870,564004,346476,3496272,3504175,2452586,7924532,10068968,8393563,10032723,9939581,9578851,329059,432683,423456,0,3370,0,"F783_mz134.0449_rt0.45",2507,10068968,4014.74043062201,TRUE,22,3,3,3,1,TRUE,TRUE,TRUE,FALSE,"Leaf + Root + Exudate","Very early RT","MS/MS available","Unknown","Leaf + Root + Exudate; absent Soil",3151011,395066,18049,1123.33333333333
2373,0.982,247.12956,"Unknown","[M+H]+","ion correlated with 2150",0.214,TRUE,"null","null","null","null","null","null",999,FALSE,FALSE,FALSE,"null","null","null","null","null",61.07,0,0,2074,0,3573,2952,0,1848743,2296222,2215362,2199837,2083210,1869704,51771,31292,32800,680595,1192003,819665,2090748,2688018,2499368,0,8763,24866,3708,0,0,"F2373_mz247.1296_rt0.98",691.333333333333,2688018,3882.55031295137,TRUE,20,3,2,2,1,TRUE,TRUE,TRUE,FALSE,"Leaf + Root + Exudate","Early RT","MS/MS available","Unknown","Leaf + Root + Exudate; absent Soil",38621,11209.6666666667,2175,1236
2448,3.547,253.19543,"Unknown","[M+H]+","ion correlated with 3115; ion correlated with 3702; ion correlated with 3318; ion correlated with 3338; ion correlated with 1190; ion correlated with 2317; ion correlated with 2474; ion correlated with 2676; ion correlated with 2746; ion correlated with 2954; ion correlated with 3083; ion correlated with 3504; ion correlated with 3745; ion correlated with 3906; ion correlated with 5005; ion correlated with 5013; ion correlated with 3515; found in higher mz's MsMs_3504",0.107,TRUE,"null","null","null","null","null","null",999,FALSE,FALSE,FALSE,"null","null","null","null","null",143.85,2017,0,0,0,0,1506,2157,1842,0,0,0,0,0,678788,876120,1895393,0,0,0,0,0,1606,14217,3291,4819,0,0,0,"F2448_mz253.1954_rt3.55",672.333333333333,1895393,2814.94158415842,TRUE,10,3,3,2,0,TRUE,TRUE,TRUE,FALSE,"Leaf + Root + Exudate","RT >= 1 min","MS/MS available","Unknown","Leaf + Root + Exudate; absent Soil",1150100.33333333,7442.33333333333,1221,0
3132,0.981,302.20819,"Unknown","[M+H]+","ion correlated with 3025; ion correlated with 3334; ion correlated with 3381; ion correlated with 1273; ion correlated with 2802; ion correlated with 2829; ion correlated with 3902; ion correlated with 3778; ion correlated with 3743; ion correlated with 1446; ion correlated with 916; ion correlated with 2444; ion correlated with 3393; ion correlated with 2891; ion correlated with 2926; ion correlated with 1544; ion correlated with 2620; ion correlated with 3432; ion correlated with 3627; ion correlated with 1392; ion correlated with 2672; ion correlated with 3786",0.25,FALSE,"null","null","null","null","null","null",999,FALSE,FALSE,FALSE,"null","null","null","null","null",422.93,0,0,1978,0,3494,1946,2721,1083201,1439028,1422434,355184,184504,131978,33126,13682,27998,245180,380488,230797,798524,1010288,988488,27298,43521,65062,0,0,0,"F3132_mz302.2082_rt0.98",659.333333333333,1439028,2179.24634023221,TRUE,21,3,3,3,0,TRUE,TRUE,TRUE,FALSE,"Leaf + Root + Exudate","Early RT","No MS/MS assignment","Unknown","Leaf + Root + Exudate; absent Soil",24935.3333333333,45293.6666666667,2720.33333333333,0
2781,2.628,277.18039,"Unknown","[M+H]+","ion correlated with 3516; ion correlated with 3077; ion correlated with 3317; similar chromatogram in higher mz_4530; similar chromatogram in higher mz_3077; similar chromatogram in higher mz_4666",0.107,TRUE,"null","null","null","null","null","null",999,FALSE,FALSE,FALSE,"null","null","null","null","null",170.57,0,1644,0,0,1381,0,1640,6010,0,0,0,0,0,1114026,1157727,886173,0,0,0,0,0,0,6437,3088,0,2948,0,0,"F2781_mz277.1804_rt2.63",548,1157727,2108.7941712204,TRUE,9,3,2,2,1,TRUE,TRUE,TRUE,FALSE,"Leaf + Root + Exudate","RT >= 1 min","MS/MS available","Unknown","Leaf + Root + Exudate; absent Soil",1052642,3175,1007,982.666666666667
738,1.025,131.04933,"Unknown","[M+H]+","ion correlated with 1188; found in higher mz's MsMs_1188; found in higher mz's MsMs_4658; found in higher mz's MsMs_3780; found in higher mz's MsMs_4759",0.179,TRUE,"null","null","null","null","null","null",999,FALSE,FALSE,FALSE,"null","null","null","null","null",149.66,4195,0,0,0,1632,0,1495,51586,47997,53294,24802,5335,0,2560840,1534022,1822079,1588,0,0,35930,32065,45323,1902173,454072,676762,0,0,0,"F738_mz131.0493_rt1.02",1398.33333333333,2560840,1830.04359218676,TRUE,17,3,3,2,0,TRUE,TRUE,TRUE,FALSE,"Leaf + Root + Exudate","RT >= 1 min","MS/MS available","Unknown","Leaf + Root + Exudate; absent Soil",1972313.66666667,1011002.33333333,1042.33333333333,0
1593,2.145,191.10687,"Unknown","[M+H]+","similar chromatogram in higher mz_3297",0.071,TRUE,"null","null","null","null","null","null",999,FALSE,FALSE,FALSE,"null","null","null","null","null",28.22,0,1608,0,0,1210,0,2254,0,0,2148,0,0,0,768955,344813,7103,1843,0,0,0,0,0,3184,0,17146,0,0,1613,"F1593_mz191.1069_rt2.14",536,768955,1431.947858473,TRUE,10,3,2,2,1,TRUE,TRUE,TRUE,FALSE,"Leaf + Root + Exudate","RT >= 1 min","MS/MS available","Unknown","Leaf + Root + Exudate; absent Soil",373623.666666667,6776.66666666667,1154.66666666667,537.666666666667
3063,2.275,298.27448,"Unknown","[M+H]+",NA,0.107,TRUE,"null","null","null","null","null","null",999,FALSE,FALSE,FALSE,"null","null","null","null","null",296.02,0,3047,0,0,2769,1448,2282,0,1822,1986,2788,7068,2175,70034,40214,55322,1932,2614,1758,57556,2189,2517,1226577,1162579,1007627,0,0,0,"F3063_mz298.2745_rt2.28",1015.66666666667,1226577,1206.47016393443,TRUE,20,3,3,3,0,TRUE,TRUE,TRUE,FALSE,"Leaf + Root + Exudate","RT >= 1 min","MS/MS available","Unknown","Leaf + Root + Exudate; absent Soil",55190,1132261,2166.33333333333,0
2033,0.45,221.02493,"Unknown","[M+H]+",NA,0.571,FALSE,"null","null","null","null","null","null",999,FALSE,FALSE,FALSE,"null","null","null","null","null",302.13,6169,0,2566,0,0,3023,3262,2237930,2494256,2856517,1130828,132833,109200,1648529,1256290,1970169,437238,676875,643693,1008154,1378278,1448195,1121335,1242090,2111523,0,0,0,"F2033_mz221.0249_rt0.45",2911.66666666667,2856517,980.722590981918,TRUE,20,3,3,2,0,TRUE,TRUE,TRUE,FALSE,"Leaf + Root + Exudate","Very early RT","No MS/MS assignment","Unknown","Leaf + Root + Exudate; absent Soil",1624996,1491649.33333333,2095,0
2891,0.992,286.17642,"Unknown","[M+H]+","ion correlated with 2802; ion correlated with 2829; ion correlated with 3778; ion correlated with 1446; ion correlated with 3785; ion correlated with 916; ion correlated with 3477; ion correlated with 3132; ion correlated with 2444; ion correlated with 3393; ion correlated with 2926; ion correlated with 1544; ion correlated with 3091; ion correlated with 3432; ion correlated with 3627; ion correlated with 1392; ion correlated with 3786; ion correlated with 3587",0.393,FALSE,"null","null","null","null","null","null",999,FALSE,FALSE,FALSE,"null","null","null","null","null",215.99,0,2092,2037,0,5677,1944,0,1028560,1317206,1297883,399332,181900,99120,0,11151,18256,201383,320878,176230,540577,806597,817507,0,6936,9234,0,0,0,"F2891_mz286.1764_rt0.99",1376.33333333333,1317206,956.345837366893,TRUE,18,2,2,2,0,TRUE,TRUE,TRUE,FALSE,"Leaf + Root + Exudate","Early RT","No MS/MS assignment","Unknown","Leaf + Root + Exudate; absent Soil",9802.33333333333,5390,2540.33333333333,0
213,0.394,89.1075,"Unknown","[M+H]+","ion correlated with 64",0.464,FALSE,"null","null","null","null","null","null",999,FALSE,FALSE,FALSE,"null","null","null","null","null",255.17,15476,3444,0,0,2076,0,2367,1441826,1549394,1607469,356539,107018,80601,5369016,2304540,3881348,120934,442096,168138,1176936,1718040,1666140,32386,229053,170782,0,0,0,"F213_mz89.1075_rt0.39",6306.66666666667,5369016,851.189082069439,TRUE,20,3,3,2,0,TRUE,TRUE,TRUE,FALSE,"Leaf + Root + Exudate","Very early RT","No MS/MS assignment","Unknown","Leaf + Root + Exudate; absent Soil",3851634.66666667,144073.666666667,1481,0
1382,0.506,176.00853,"Unknown","[M+H]+",NA,0.179,FALSE,"null","null","null","null","null","null",999,FALSE,FALSE,FALSE,"null","null","null","null","null",200.27,0,3011,3094,0,6133,15042,14206,46747,167816,156384,393175,583861,652749,323661,569895,326383,654634,537449,613090,437172,256726,307655,1262424,842810,1073061,0,0,5881,"F1382_mz176.0085_rt0.51",2035,1262424,620.051571709234,TRUE,22,3,3,3,1,TRUE,TRUE,TRUE,FALSE,"Leaf + Root + Exudate","Early RT","No MS/MS assignment","Unknown","Leaf + Root + Exudate; absent Soil",406646.333333333,1059431.66666667,11793.6666666667,1960.33333333333
5135,8.962,778.54663,"Unknown","[M+H]+","ion correlated with 4885; ion correlated with 5121; ion correlated with 4822; ion correlated with 5153; ion correlated with 5126",0.107,TRUE,"null","null","null","null","null","null",999,FALSE,FALSE,FALSE,"null","null","null","null","null",112.34,0,3564,0,0,0,2409,2543,2430,6065,2666,1834,2336,2122,579451,458930,456833,3694,2156,0,3047,0,817,7770,5997,9082,1462,0,0,"F5135_mz778.5466_rt8.96",1188,579451,487.343986543314,TRUE,19,3,3,2,1,TRUE,TRUE,TRUE,FALSE,"Leaf + Root + Exudate","RT >= 1 min","MS/MS available","Unknown","Leaf + Root + Exudate; absent Soil",498404.666666667,7616.33333333333,1650.66666666667,487.333333333333
2801,1.182,279.13461,"Unknown","[M+H]+","ion correlated with 1097; ion correlated with 2369; ion correlated with 2102",0.107,FALSE,"null","null","null","null","null","null",999,FALSE,FALSE,FALSE,"null","null","null","null","null",37.47,0,1811,2496,0,0,2370,1598,207997,188373,114985,292108,581258,527906,17536,14731,23732,28347,119296,24994,61600,93343,111222,8727,3356,3596,0,3509,0,"F2801_mz279.1346_rt1.18",1435.66666666667,581258,404.588631090487,TRUE,21,3,3,2,1,TRUE,TRUE,TRUE,FALSE,"Leaf + Root + Exudate","RT >= 1 min","No MS/MS assignment","Unknown","Leaf + Root + Exudate; absent Soil",18666.3333333333,5226.33333333333,1322.66666666667,1169.66666666667
1428,0.515,179.01741,"Unknown","[M+H]+",NA,0.536,FALSE,"null","null","null","null","null","null",999,FALSE,FALSE,FALSE,"null","null","null","null","null",125.48,7188,0,0,0,8860,8342,0,619313,540235,509372,665942,806976,935014,76078,293203,0,644498,679974,607178,681115,877004,601951,735249,549951,506093,0,0,0,"F1428_mz179.0174_rt0.52",2396,935014,390.077179808093,TRUE,19,2,3,2,0,TRUE,TRUE,TRUE,FALSE,"Leaf + Root + Exudate","Early RT","No MS/MS assignment","Unknown","Leaf + Root + Exudate; absent Soil",123093.666666667,597097.666666667,5734,0
4963,9.061,660.30847,"Unknown","[M+H]+",NA,0.071,TRUE,"null","null","null","null","null","null",999,FALSE,FALSE,FALSE,"null","null","null","null","null",67.96,0,1766,0,0,163319,3077,0,2484,3229,0,2045,1467,0,3664,4116,1636,0,172068,3776,0,1920,3338,0,190148,4237,0,1739,0,"F4963_mz660.3085_rt9.06",588.666666666667,190148,322.468626342566,TRUE,16,3,2,2,1,TRUE,TRUE,TRUE,FALSE,"Leaf + Root + Exudate","RT >= 1 min","MS/MS available","Unknown","Leaf + Root + Exudate; absent Soil",3138.66666666667,64795,55465.3333333333,579.666666666667
102,0.571,78.95152,"Unknown","[M+H]+",NA,0.036,FALSE,"null","null","null","null","null","null",999,FALSE,FALSE,FALSE,"null","null","null","null","null",153.1,0,2294,0,0,9410,18144,27823,0,95627,42929,85765,170406,141906,126704,63560,46426,55852,206930,92589,169799,153201,88817,52202,102226,175714,0,0,21494,"F102_mz78.9515_rt0.57",764.666666666667,206930,270.262516325642,TRUE,21,3,3,3,1,TRUE,TRUE,TRUE,FALSE,"Leaf + Root + Exudate","Early RT","No MS/MS assignment","Unknown","Leaf + Root + Exudate; absent Soil",78896.6666666667,110047.333333333,18459,7164.66666666667
2999,3.312,293.21149,"Unknown","[M+H]+",NA,0.107,FALSE,"null","null","null","null","null","null",999,FALSE,FALSE,FALSE,"null","null","null","null","null",12.71,0,2924,0,0,1898,1489,0,4397,5430,4288,2369,0,2286,52604,14905,9514,0,1918,1514,6363,2842,3801,232023,141072,122611,0,0,0,"F2999_mz293.2115_rt3.31",974.666666666667,232023,237.81072770755,TRUE,18,3,3,2,0,TRUE,TRUE,TRUE,FALSE,"Leaf + Root + Exudate","RT >= 1 min","No MS/MS assignment","Unknown","Leaf + Root + Exudate; absent Soil",25674.3333333333,165235.333333333,1129,0
5077,9.268,732.56293,"Unknown","[M+H]+",NA,0.036,TRUE,"null","null","null","null","null","null",999,FALSE,FALSE,FALSE,"null","null","null","null","null",48.46,2205,0,0,0,1428,0,2768,2650,0,2359,1286,0,1639,171942,62183,105623,0,1559,1878,1328,0,1252,105755,77754,89426,0,0,1763,"F5077_mz732.5629_rt9.27",735,171942,233.618206521739,TRUE,17,3,3,2,1,TRUE,TRUE,TRUE,FALSE,"Leaf + Root + Exudate","RT >= 1 min","MS/MS available","Unknown","Leaf + Root + Exudate; absent Soil",113249.333333333,90978.3333333333,1398.66666666667,587.666666666667
1230,0.425,166.06993,"Unknown","[M+H]+","ion correlated with 1759; ion correlated with 4169; ion correlated with 4259; ion correlated with 3095; ion correlated with 998; ion correlated with 1091; ion correlated with 4124; ion correlated with 2641; ion correlated with 3422",0.036,FALSE,"null","null","null","null","null","null",999,FALSE,FALSE,FALSE,"null","null","null","null","null",35,0,0,5287,0,8951,0,3696,29650,6681,0,3913,19756,11737,204604,215840,356210,0,0,0,5449,12098,0,67465,46566,72710,0,0,0,"F1230_mz166.0699_rt0.42",1762.33333333333,356210,202.010018903592,TRUE,15,3,3,2,0,TRUE,TRUE,TRUE,FALSE,"Leaf + Root + Exudate","Very early RT","No MS/MS assignment","Unknown","Leaf + Root + Exudate; absent Soil",258884.666666667,62247,4215.66666666667,0
3262,1.447,313.23813,"Unknown","[M+H]+","ion correlated with 2784; ion correlated with 3809; ion correlated with 3877",0.036,FALSE,"null","null","null","null","null","null",999,FALSE,FALSE,FALSE,"null","null","null","null","null",39.81,3133,0,0,0,2293,1474,771,92839,83047,106616,30607,0,0,2369,0,2905,5265,19695,8555,48772,73111,66100,7825,17847,17244,0,0,1892,"F3262_mz313.2381_rt1.45",1044.33333333333,106616,101.993303571429,TRUE,19,2,3,3,1,TRUE,TRUE,TRUE,FALSE,"Leaf + Root + Exudate","RT >= 1 min","No MS/MS assignment","Unknown","Leaf + Root + Exudate; absent Soil",1758,14305.3333333333,1512.66666666667,630.666666666667
30,0.528,65.99371,"Unknown","[M+H]+","found in higher mz's MsMs_135; found in higher mz's MsMs_1135",0.25,FALSE,"null","null","null","null","null","null",999,FALSE,FALSE,FALSE,"null","null","null","null","null",146.62,9493,0,0,0,0,10462,2687,165954,161300,142752,167834,217437,198495,170861,205973,140591,282680,178948,172272,158676,142122,140918,157962,227959,295440,0,0,0,"F30_mz65.9937_rt0.53",3164.33333333333,295440,93.3364574557708,TRUE,20,3,3,2,0,TRUE,TRUE,TRUE,FALSE,"Leaf + Root + Exudate","Early RT","No MS/MS assignment","Unknown","Leaf + Root + Exudate; absent Soil",172475,227120.333333333,4383,0
1045,0.425,151.95126,"Unknown","[M+H]+","ion correlated with 2218; ion correlated with 2737; ion correlated with 3590; ion correlated with 3769; ion correlated with 2967; ion correlated with 1965; ion correlated with 4401",0.357,FALSE,"null","null","null","null","null","null",999,FALSE,FALSE,FALSE,"null","null","null","null","null",115.84,6701,2607,4767,0,0,4441,4954,219762,360239,307975,114333,0,0,43976,40069,74213,113946,131008,113796,210077,274869,284172,15432,26701,13041,0,0,0,"F1045_mz151.9513_rt0.42",4691.66666666667,360239,76.7665861628072,TRUE,18,3,3,2,0,TRUE,TRUE,TRUE,FALSE,"Leaf + Root + Exudate","Very early RT","No MS/MS assignment","Unknown","Leaf + Root + Exudate; absent Soil",52752.6666666667,18391.3333333333,3131.66666666667,0
4964,8.999,660.30945,"Unknown","[M+H]+",NA,0.036,FALSE,"null","null","null","null","null","null",999,FALSE,FALSE,FALSE,"null","null","null","null","null",3266.38,0,8247,0,0,163319,0,2057,3876,2331,1970,0,2802,0,2649,2054,4165,0,172068,4005,3585,2498,3338,0,70147,6122,0,0,0,"F4964_mz660.3094_rt9",2749,172068,62.5705454545455,TRUE,16,3,2,2,0,TRUE,TRUE,TRUE,FALSE,"Leaf + Root + Exudate","RT >= 1 min","No MS/MS assignment","Unknown","Leaf + Root + Exudate; absent Soil",2956,25423,55125.3333333333,0
1105,0.514,156.9825,"Unknown","[M+H]+",NA,0.321,FALSE,"null","null","null","null","null","null",999,FALSE,FALSE,FALSE,"null","null","null","null","null",26.22,25764,2729,1675,0,4082,5750,5489,0,0,0,31080,116846,39884,179742,254611,152973,243103,109320,178632,98153,82450,0,372121,266680,351056,0,0,8162,"F1105_mz156.9825_rt0.51",10056,372121,37.0012926319976,TRUE,18,3,3,3,1,TRUE,TRUE,TRUE,FALSE,"Leaf + Root + Exudate","Early RT","No MS/MS assignment","Unknown","Leaf + Root + Exudate; absent Soil",195775.333333333,329952.333333333,5107,2720.66666666667
5090,9.699,739.71503,"Unknown","[M+H]+",NA,0.036,FALSE,"null","null","null","null","null","null",999,FALSE,FALSE,FALSE,"null","null","null","null","null",28.13,0,0,15081,0,104620,73266,17055,0,529,39998,0,200,61672,25256,644,0,0,36498,0,0,0,0,162200,46344,30796,59738,0,0,"F5090_mz739.715_rt9.7",5027,162200,32.2595465393795,TRUE,14,2,3,3,1,TRUE,TRUE,TRUE,FALSE,"Leaf + Root + Exudate","RT >= 1 min","No MS/MS assignment","Unknown","Leaf + Root + Exudate; absent Soil",8633.33333333333,79780,64980.3333333333,19912.6666666667
1876,0.598,209.96455,"Unknown","[M+H]+","ion correlated with 3120",0.357,FALSE,"null","null","null","null","null","null",999,FALSE,FALSE,FALSE,"null","null","null","null","null",100.76,74090,4801,0,0,2596,0,2498,45371,78138,24791,67067,161272,169076,33222,37238,33567,215575,244452,238378,153302,69799,105208,574080,581041,439579,0,0,2588,"F1876_mz209.9646_rt0.6",26297,581041,22.0945319035668,TRUE,21,3,3,2,1,TRUE,TRUE,TRUE,FALSE,"Leaf + Root + Exudate","Early RT","No MS/MS assignment","Unknown","Leaf + Root + Exudate; absent Soil",34675.6666666667,531566.666666667,1698,862.666666666667
2761,0.895,276.14478,"Unknown","[M+2H]2+","ion correlated with 3012; ion correlated with 3428",0.429,TRUE,"null","null","null","null","null","null",999,FALSE,FALSE,FALSE,"null","null","null","null","null",9089.63,0,0,0,0,2141,2488,0,20314368,7183862,4739026,11653951,51437868,48793800,0,0,0,504051,1045193,637976,1219148,1487634,1853257,0,0,0,0,0,0,"F2761_mz276.1448_rt0.9",0,51437868,51437869,TRUE,14,0,0,2,0,FALSE,FALSE,TRUE,FALSE,"Exudate only","Early RT","MS/MS available","Unknown","Exudate only; absent Soil",0,0,1543,0
2790,0.488,278.12387,"Unknown","[M+H]+","ion correlated with 873; ion correlated with 2042; ion correlated with 2814",0.429,TRUE,"null","null","null","null","null","null",999,FALSE,FALSE,FALSE,"null","null","null","null","null",1161.45,0,0,0,0,0,3710,3068,6188389,4549483,3612170,6044602,11255705,10573269,0,0,0,680653,1269215,942861,1506720,2243088,2079311,0,0,0,0,0,0,"F2790_mz278.1239_rt0.49",0,11255705,11255706,TRUE,14,0,0,2,0,FALSE,FALSE,TRUE,FALSE,"Exudate only","Very early RT","MS/MS available","Unknown","Exudate only; absent Soil",0,0,2259.33333333333,0
3021,0.453,295.11398,"Unknown","[M+H]+","ion correlated with 3541; ion correlated with 2026; ion correlated with 3221; ion correlated with 2572",0.429,FALSE,"null","null","null","null","null","null",999,FALSE,FALSE,FALSE,"null","null","null","null","null",312.5,0,0,0,0,27750,30230,25626,3098236,1162135,559290,1292945,3041125,2967967,0,0,0,104214,165454,144553,177386,369926,173514,0,0,0,0,0,0,"F3021_mz295.114_rt0.45",0,3098236,3098237,TRUE,15,0,0,3,0,FALSE,FALSE,TRUE,FALSE,"Exudate only","Very early RT","No MS/MS assignment","Unknown","Exudate only; absent Soil",0,0,27868.6666666667,0
2437,1.131,252.12346,"Unknown","[M+H]+","ion correlated with 2194; ion correlated with 2707",0.143,TRUE,"null","null","null","null","null","null",999,FALSE,FALSE,FALSE,"null","null","null","null","null",126.62,0,0,0,0,1650,1596,0,297039,226313,202632,2344397,817148,610966,0,0,0,62667,78610,57965,131941,197777,203161,0,0,0,0,0,0,"F2437_mz252.1235_rt1.13",0,2344397,2344398,TRUE,14,0,0,2,0,FALSE,FALSE,TRUE,FALSE,"Exudate only","RT >= 1 min","MS/MS available","Unknown","Exudate only; absent Soil",0,0,1082,0
824,0.915,137.10757,"Unknown","[M+H]+","ion correlated with 1656; ion correlated with 2243; ion correlated with 1911; ion correlated with 1867; ion correlated with 2082",0.429,FALSE,"null","null","null","null","null","null",999,FALSE,FALSE,FALSE,"null","null","null","null","null",126.29,0,0,0,0,1628,3182,0,964304,986211,834360,1282807,1268089,1097358,0,0,0,273688,387339,318544,563357,797728,805636,0,0,0,0,4917,0,"F824_mz137.1076_rt0.92",0,1282807,1282808,TRUE,15,0,0,2,1,FALSE,FALSE,TRUE,FALSE,"Exudate only","Early RT","No MS/MS assignment","Unknown","Exudate only; absent Soil",0,0,1603.33333333333,1639
2799,1.158,279.07709,"Unknown","[M+H]+","ion correlated with 1519; ion correlated with 2619; ion correlated with 1003",0.071,TRUE,"null","null","null","null","null","null",999,FALSE,FALSE,FALSE,"null","null","null","null","null",99.86,0,0,0,0,0,1974,1798,0,4337,0,57999,1202614,1001095,0,0,0,0,0,0,4022,3308,4300,0,0,0,0,1514,0,"F2799_mz279.0771_rt1.16",0,1202614,1202615,TRUE,10,0,0,2,1,FALSE,FALSE,TRUE,FALSE,"Exudate only","RT >= 1 min","MS/MS available","Unknown","Exudate only; absent Soil",0,0,1257.33333333333,504.666666666667
4996,0.49,684.25635,"Unknown","[M+H]+",NA,0.429,FALSE,"null","null","null","null","null","null",999,FALSE,FALSE,FALSE,"null","null","null","null","null",379.13,0,0,0,0,11883,0,4673,709898,650970,498913,1037904,1108956,987153,0,0,0,856530,795430,949375,556155,677972,605717,0,0,0,0,0,0,"F4996_mz684.2564_rt0.49",0,1108956,1108957,TRUE,14,0,0,2,0,FALSE,FALSE,TRUE,FALSE,"Exudate only","Very early RT","No MS/MS assignment","Unknown","Exudate only; absent Soil",0,0,5518.66666666667,0
916,0.967,143.11826,"Unknown","[M+H]+","ion correlated with 3651; ion correlated with 3312; ion correlated with 2963; ion correlated with 3025; ion correlated with 3806; ion correlated with 3628; ion correlated with 3334; ion correlated with 62; ion correlated with 3381; ion correlated with 2829; ion correlated with 3778; ion correlated with 3900; ion correlated with 1446; ion correlated with 3785; ion correlated with 3477; ion correlated with 3132; ion correlated with 2444; ion correlated with 3393; ion correlated with 2891; ion correlated with 3913; ion correlated with 2926; ion correlated with 1544; ion correlated with 61; ion correlated with 761; ion correlated with 3432; ion correlated with 1392; ion correlated with 2672",0.357,FALSE,"null","null","null","null","null","null",999,FALSE,FALSE,FALSE,"null","null","null","null","null",84.17,0,0,0,0,3523,0,2352,738894,1093289,971036,314769,29895,10838,0,0,0,146017,296086,167388,624184,785753,828168,0,0,0,0,0,0,"F916_mz143.1183_rt0.97",0,1093289,1093290,TRUE,14,0,0,2,0,FALSE,FALSE,TRUE,FALSE,"Exudate only","Early RT","No MS/MS assignment","Unknown","Exudate only; absent Soil",0,0,1958.33333333333,0
2100,0.526,226.07153,"Unknown","[M+H]+",NA,0.107,FALSE,"null","null","null","null","null","null",999,FALSE,FALSE,FALSE,"null","null","null","null","null",43.8,0,0,0,0,4781,0,2793,200258,29664,66485,113621,202169,294542,0,0,0,0,0,0,80515,83907,74036,0,0,0,0,4181,0,"F2100_mz226.0715_rt0.53",0,294542,294543,TRUE,12,0,0,2,1,FALSE,FALSE,TRUE,FALSE,"Exudate only","Early RT","No MS/MS assignment","Unknown","Exudate only; absent Soil",0,0,2524.66666666667,1393.66666666667
4737,0.417,546.82483,"Unknown","[M+H]+","ion correlated with 2334",0.107,FALSE,"null","null","null","null","null","null",999,FALSE,FALSE,FALSE,"null","null","null","null","null",2965.04,0,0,0,0,28576,15271,14218,60971,36844,44807,102035,169890,172831,0,0,0,44790,54788,43418,69215,61654,58906,0,0,0,0,0,43666,"F4737_mz546.8248_rt0.42",0,172831,172832,TRUE,16,0,0,3,1,FALSE,FALSE,TRUE,FALSE,"Exudate only","Very early RT","No MS/MS assignment","Unknown","Exudate only; absent Soil",0,0,19355,14555.3333333333
3097,0.406,301.07391,"Unknown","[M+H]+",NA,0.25,FALSE,"null","null","null","null","null","null",999,FALSE,FALSE,FALSE,"null","null","null","null","null",35.67,0,0,0,0,6887,0,2096,137458,123782,168154,43244,0,6352,0,0,0,26911,46078,33088,109473,121717,124132,0,0,105810,0,0,0,"F3097_mz301.0739_rt0.41",0,168154,168155,TRUE,14,0,1,2,0,FALSE,FALSE,TRUE,FALSE,"Exudate only","Very early RT","No MS/MS assignment","Unknown","Exudate only; absent Soil",0,35270,2994.33333333333,0
4574,0.917,486.25491,"Unknown","[M+H]+",NA,0.036,FALSE,"null","null","null","null","null","null",999,FALSE,FALSE,FALSE,"null","null","null","null","null",3211,0,0,0,0,2218,2724,2130,20424,86832,160550,46581,20378,9975,0,0,0,33056,42310,0,63510,54990,89296,0,0,0,0,0,2686,"F4574_mz486.2549_rt0.92",0,160550,160551,TRUE,15,0,0,3,1,FALSE,FALSE,TRUE,FALSE,"Exudate only","Early RT","No MS/MS assignment","Unknown","Exudate only; absent Soil",0,0,2357.33333333333,895.333333333333
3487,0.447,332.87582,"Unknown","[M+H]+",NA,0.107,FALSE,"null","null","null","null","null","null",999,FALSE,FALSE,FALSE,"null","null","null","null","null",45.64,0,0,0,0,104964,123245,153007,0,0,0,0,0,0,0,0,0,0,0,0,0,0,0,0,0,0,0,0,50454,"F3487_mz332.8758_rt0.45",0,153007,153008,TRUE,4,0,0,3,1,FALSE,FALSE,TRUE,FALSE,"Exudate only","Very early RT","No MS/MS assignment","Unknown","Exudate only; absent Soil",0,0,127072,16818
4071,0.714,391.26581,"Unknown","[M+H]+",NA,0.036,FALSE,"null","null","null","null","null","null",999,FALSE,FALSE,FALSE,"null","null","null","null","null",39.92,0,0,0,0,2815,0,3455,17332,121483,83380,0,0,0,0,0,0,0,0,0,0,19072,0,0,0,0,0,0,0,"F4071_mz391.2658_rt0.71",0,121483,121484,TRUE,6,0,0,2,0,FALSE,FALSE,TRUE,FALSE,"Exudate only","Early RT","No MS/MS assignment","Unknown","Exudate only; absent Soil",0,0,2090,0
4886,0.417,614.81177,"Unknown","[M+H]+","ion correlated with 4697",0.071,FALSE,"null","null","null","null","null","null",999,FALSE,FALSE,FALSE,"null","null","null","null","null",1144.69,0,0,0,0,6815,0,11023,33174,26353,11965,59576,109764,119893,0,0,0,32186,26660,33290,22178,32386,24956,0,0,0,0,0,14588,"F4886_mz614.8118_rt0.42",0,119893,119894,TRUE,15,0,0,2,1,FALSE,FALSE,TRUE,FALSE,"Exudate only","Very early RT","No MS/MS assignment","Unknown","Exudate only; absent Soil",0,0,5946,4862.66666666667
4798,0.412,576.84515,"Unknown","[M+H]+","ion correlated with 4596; ion correlated with 4847",0.071,FALSE,"null","null","null","null","null","null",999,FALSE,FALSE,FALSE,"null","null","null","null","null",2193.03,0,0,0,0,8628,27316,13868,0,11244,12594,58514,105528,113774,0,0,0,21476,18385,23523,15070,11645,25679,0,0,0,0,0,27602,"F4798_mz576.8452_rt0.41",0,113774,113775,TRUE,15,0,0,3,1,FALSE,FALSE,TRUE,FALSE,"Exudate only","Very early RT","No MS/MS assignment","Unknown","Exudate only; absent Soil",0,0,16604,9200.66666666667
4596,0.408,492.88248,"Unknown","[M+H]+","ion correlated with 4798",0.036,FALSE,"null","null","null","null","null","null",999,FALSE,FALSE,FALSE,"null","null","null","null","null",2189.66,0,0,0,0,6451,32477,23153,17891,0,0,43966,96484,109483,0,0,0,16456,8985,14736,18286,12936,8471,0,0,0,0,0,34052,"F4596_mz492.8825_rt0.41",0,109483,109484,TRUE,14,0,0,3,1,FALSE,FALSE,TRUE,FALSE,"Exudate only","Very early RT","No MS/MS assignment","Unknown","Exudate only; absent Soil",0,0,20693.6666666667,11350.6666666667
4325,0.446,431.89243,"Unknown","[M+H]+",NA,0.036,FALSE,"null","null","null","null","null","null",999,FALSE,FALSE,FALSE,"null","null","null","null","null",2006.8,0,0,0,0,73464,100340,89915,0,0,0,0,0,0,0,47697,0,0,0,0,0,0,0,0,0,0,0,0,27951,"F4325_mz431.8924_rt0.45",0,100340,100341,TRUE,5,1,0,3,1,FALSE,FALSE,TRUE,FALSE,"Exudate only","Very early RT","No MS/MS assignment","Unknown","Exudate only; absent Soil",15899,0,87906.3333333333,9317
2017,0.782,219.13425,"Unknown","[M+H]+","ion correlated with 1376; ion correlated with 2929; ion correlated with 1006; ion correlated with 566; ion correlated with 2541; ion correlated with 1813; ion correlated with 618",0.107,TRUE,"null","null","null","null","null","null",999,FALSE,FALSE,FALSE,"null","null","null","null","null",519.85,0,2728,0,0,2170,0,4147,2752843,3902889,3246332,1131088,111636,124607,0,0,0,182192,426306,243676,1115461,2052929,2264532,0,0,0,0,0,0,"F2017_mz219.1343_rt0.78",909.333333333333,3902889,4287.31966312706,TRUE,14,0,0,2,0,FALSE,FALSE,TRUE,FALSE,"Exudate only","Early RT","MS/MS available","Unknown","Exudate only; absent Soil",0,0,2105.66666666667,0
1761,0.422,202.06894,"Unknown","[M+H]+","ion correlated with 2110; ion correlated with 3427",0.321,TRUE,"null","null","null","null","null","null",999,FALSE,FALSE,FALSE,"null","null","null","null","null",184.11,0,2682,0,0,982,9384,0,510894,323674,265533,675497,2233156,2189306,0,0,19655,147380,207031,182350,231807,203177,221219,0,0,0,0,0,12919,"F1761_mz202.0689_rt0.42",894,2233156,2495.14748603352,TRUE,16,1,0,2,1,FALSE,FALSE,TRUE,FALSE,"Exudate only","Very early RT","MS/MS available","Unknown","Exudate only; absent Soil",6551.66666666667,0,3455.33333333333,4306.33333333333
3743,0.962,357.185,"Unknown","[M+2H]2+","ion correlated with 2835; ion correlated with 2264; ion correlated with 3334; ion correlated with 3381; ion correlated with 1273; ion correlated with 2802; ion correlated with 2829; ion correlated with 3902; ion correlated with 3778; ion correlated with 3161; ion correlated with 1446; ion correlated with 2994; ion correlated with 3132; ion correlated with 2444; ion correlated with 3393; ion correlated with 2926; ion correlated with 1544; ion correlated with 2620; ion correlated with 3432; ion correlated with 1374",0.429,FALSE,"null","null","null","null","null","null",999,FALSE,FALSE,FALSE,"null","null","null","null","null",260.79,0,2102,0,0,2303,0,2259,1095556,1216040,1481523,705894,153276,179595,17489,0,0,266923,623520,361133,982308,1257521,1219474,0,0,0,0,0,0,"F3743_mz357.185_rt0.96",700.666666666667,1481523,2111.43562945368,TRUE,15,1,0,2,0,FALSE,FALSE,TRUE,FALSE,"Exudate only","Early RT","No MS/MS assignment","Unknown","Exudate only; absent Soil",5829.66666666667,0,1520.66666666667,0
1446,0.965,180.13643,"Unknown","[M+2H]2+","ion correlated with 2264; ion correlated with 2963; ion correlated with 3334; ion correlated with 3381; ion correlated with 1273; ion correlated with 2802; ion correlated with 2829; ion correlated with 3902; ion correlated with 3778; ion correlated with 3743; ion correlated with 3132; ion correlated with 2444; ion correlated with 3393; ion correlated with 2891; ion correlated with 2926; ion correlated with 1544; ion correlated with 2620; ion correlated with 3432; ion correlated with 1374; ion correlated with 3627",0.357,FALSE,"null","null","null","null","null","null",999,FALSE,FALSE,FALSE,"null","null","null","null","null",226.61,0,0,2543,0,2830,0,2862,1457401,1746217,1510386,599512,6893,21277,0,0,0,232171,352676,228072,867436,1439921,1251208,0,0,0,0,0,2369,"F1446_mz180.1364_rt0.96",847.666666666667,1746217,2057.6017282011,TRUE,15,0,0,2,1,FALSE,FALSE,TRUE,FALSE,"Exudate only","Early RT","No MS/MS assignment","Unknown","Exudate only; absent Soil",0,0,1897.33333333333,789.666666666667
1601,1.046,191.15472,"Unknown","[M+H]+","ion correlated with 1308; ion correlated with 2570",0.393,FALSE,"null","null","null","null","null","null",999,FALSE,FALSE,FALSE,"null","null","null","null","null",50,0,1736,0,0,2344,2080,0,474682,502610,527382,442594,215438,224425,0,0,0,190902,296234,167388,452485,652773,659077,0,0,0,0,3024,0,"F1601_mz191.1547_rt1.05",578.666666666667,659077,1136.99482461185,TRUE,15,0,0,2,1,FALSE,FALSE,TRUE,FALSE,"Exudate only","RT >= 1 min","No MS/MS assignment","Unknown","Exudate only; absent Soil",0,0,1474.66666666667,1008
1813,0.827,205.11861,"Unknown","[M+H]+","ion correlated with 2017; ion correlated with 566; ion correlated with 2541; ion correlated with 988; ion correlated with 618; ion correlated with 2209; ion correlated with 2436; ion correlated with 1377; similar chromatogram in higher mz_4580",0.393,TRUE,"null","null","null","null","null","null",999,FALSE,FALSE,FALSE,"null","null","null","null","null",262.53,8205,0,2241,0,2116,2336,2884,2340680,3587722,2794294,702607,93576,123985,0,0,0,124435,283918,196969,857689,1879979,2112272,0,0,0,0,0,2730,"F1813_mz205.1186_rt0.83",3482,3587722,1030.06689635372,TRUE,16,0,0,3,1,FALSE,FALSE,TRUE,FALSE,"Exudate only","Early RT","MS/MS available","Unknown","Exudate only; absent Soil",0,0,2445.33333333333,910
1498,0.923,183.1132,"Unknown","[M+2H]2+","ion correlated with 460; ion correlated with 2034; ion correlated with 1623; ion correlated with 1348; ion correlated with 1867; ion correlated with 1916; ion correlated with 2082",0.393,FALSE,"null","null","null","null","null","null",999,FALSE,FALSE,FALSE,"null","null","null","null","null",129.05,0,2544,0,0,2360,2121,2168,582066,626152,567369,646256,713190,719808,0,0,0,166264,260563,167166,357568,455406,477093,0,0,0,0,0,0,"F1498_mz183.1132_rt0.92",848,719808,847.831566548881,TRUE,15,0,0,3,0,FALSE,FALSE,TRUE,FALSE,"Exudate only","Early RT","No MS/MS assignment","Unknown","Exudate only; absent Soil",0,0,2216.33333333333,0
784,0.704,134.07138,"Unknown","[M+H]+","ion correlated with 3448; similar chromatogram in higher mz_2399",0.107,FALSE,"null","null","null","null","null","null",999,FALSE,FALSE,FALSE,"null","null","null","null","null",169.51,0,2778,0,0,0,2338,3528,360414,345333,272932,648820,571404,673101,0,0,0,19680,95137,59025,204609,302568,298092,0,0,0,0,0,0,"F784_mz134.0714_rt0.7",926,673101,726.107874865156,TRUE,14,0,0,2,0,FALSE,FALSE,TRUE,FALSE,"Exudate only","Early RT","No MS/MS assignment","Unknown","Exudate only; absent Soil",0,0,1955.33333333333,0
1520,1.072,185.1288,"Unknown","[M+H]+","ion correlated with 2985; similar chromatogram in higher mz_2806; similar chromatogram in higher mz_3734; similar chromatogram in higher mz_2743",0.393,FALSE,"null","null","null","null","null","null",999,FALSE,FALSE,FALSE,"null","null","null","null","null",39.46,0,2661,0,0,0,1637,1730,386980,420501,448758,321408,77214,78561,180230,0,0,120647,179475,144419,287656,439643,419025,0,0,0,0,0,1712,"F1520_mz185.1288_rt1.07",887,448758,505.359234234234,TRUE,16,1,0,2,1,FALSE,FALSE,TRUE,FALSE,"Exudate only","RT >= 1 min","No MS/MS assignment","Unknown","Exudate only; absent Soil",60076.6666666667,0,1122.33333333333,570.666666666667
4224,0.951,414.23599,"Unknown","[M+H]+","ion correlated with 971; ion correlated with 3147; ion correlated with 3798; ion correlated with 3614; ion correlated with 4059; ion correlated with 3732; ion correlated with 3501; ion correlated with 2055; ion correlated with 3443; ion correlated with 3595; ion correlated with 3601; ion correlated with 4637; ion correlated with 3465; ion correlated with 4231; ion correlated with 3920; ion correlated with 4454; ion correlated with 4150; ion correlated with 3451; ion correlated with 911; ion correlated with 1836",0.321,FALSE,"null","null","null","null","null","null",999,FALSE,FALSE,FALSE,"null","null","null","null","null",146.3,0,0,2576,0,2134,2265,2374,315197,318571,305417,154916,66983,78484,0,0,0,95487,154744,103535,231177,273832,370247,0,0,0,0,0,2412,"F4224_mz414.236_rt0.95",858.666666666667,370247,430.68786351299,TRUE,16,0,0,3,1,FALSE,FALSE,TRUE,FALSE,"Exudate only","Early RT","No MS/MS assignment","Unknown","Exudate only; absent Soil",0,0,2257.66666666667,804
2727,0.902,274.17676,"Unknown","[M+H]+","ion correlated with 2643; ion correlated with 712; ion correlated with 398; ion correlated with 4011; ion correlated with 3478; ion correlated with 4054; ion correlated with 3312; ion correlated with 2963; ion correlated with 3025; ion correlated with 3806; ion correlated with 3628; ion correlated with 3334; ion correlated with 62; ion correlated with 2829; ion correlated with 3778",0.107,FALSE,"null","null","null","null","null","null",999,FALSE,FALSE,FALSE,"null","null","null","null","null",112.61,4983,0,3208,0,3716,5098,4094,799638,1145255,780694,226265,5722,3122,0,12729,0,184167,330273,216588,599142,730366,650625,0,0,0,5934,0,0,"F2727_mz274.1768_rt0.9",2730.33333333333,1145255,419.302904564315,TRUE,17,1,0,3,1,FALSE,FALSE,TRUE,FALSE,"Exudate only","Early RT","No MS/MS assignment","Unknown","Exudate only; absent Soil",4243,0,4302.66666666667,1978
671,0.779,126.06638,"Unknown","[M+H]+","ion correlated with 1540; ion correlated with 2962; ion correlated with 1268; ion correlated with 1914; ion correlated with 4683",0.179,TRUE,"null","null","null","null","null","null",999,FALSE,FALSE,FALSE,"null","null","null","null","null",72.74,6311,0,2744,0,1858,0,2834,950115,1139153,1185015,326717,13768,0,0,0,0,131460,240236,135197,387824,827199,728721,0,0,0,0,0,0,"F671_mz126.0664_rt0.78",3018.33333333333,1185015,392.476043276661,TRUE,13,0,0,2,0,FALSE,FALSE,TRUE,FALSE,"Exudate only","Early RT","MS/MS available","Unknown","Exudate only; absent Soil",0,0,1564,0
3048,1.04,297.14532,"Unknown","[M+H]+","ion correlated with 1529; ion correlated with 1561; ion correlated with 3639; ion correlated with 3678; ion correlated with 2029; ion correlated with 3734; ion correlated with 1729",0.071,FALSE,"null","null","null","null","null","null",999,FALSE,FALSE,FALSE,"null","null","null","null","null",17.31,0,0,2135,0,0,2348,2180,194430,165898,125383,199062,242829,234788,0,0,0,33416,57880,32761,90721,108348,108560,0,0,0,0,2606,0,"F3048_mz297.1453_rt1.04",711.666666666667,242829,340.734331150608,TRUE,15,0,0,2,1,FALSE,FALSE,TRUE,FALSE,"Exudate only","RT >= 1 min","No MS/MS assignment","Unknown","Exudate only; absent Soil",0,0,1509.33333333333,868.666666666667
1175,1.319,162.09149,"Unknown","[M+H]+","ion correlated with 1538",0.071,FALSE,"null","null","null","null","null","null",999,FALSE,FALSE,FALSE,"null","null","null","null","null",82.74,0,2005,2039,0,1467,1990,0,321992,211919,214632,133821,47680,63212,0,0,0,54989,66314,49893,133329,178942,174758,0,0,1957,0,0,0,"F1175_mz162.0915_rt1.32",1348,321992,238.69014084507,TRUE,15,0,1,2,0,FALSE,FALSE,TRUE,FALSE,"Exudate only","RT >= 1 min","No MS/MS assignment","Unknown","Exudate only; absent Soil",0,652.333333333333,1152.33333333333,0
1087,0.659,155.08163,"Unknown","[M+H]+",NA,0.036,FALSE,"null","null","null","null","null","null",999,FALSE,FALSE,FALSE,"null","null","null","null","null",56.86,0,1924,4307,0,0,7819,3525,6644,67486,38799,203416,337120,210800,0,0,0,0,55150,0,34615,99181,26787,0,0,0,0,10541,0,"F1087_mz155.0816_rt0.66",2077,337120,162.233397497594,TRUE,13,0,0,2,1,FALSE,FALSE,TRUE,FALSE,"Exudate only","Early RT","No MS/MS assignment","Unknown","Exudate only; absent Soil",0,0,3781.33333333333,3513.66666666667
712,0.886,129.10262,"Unknown","[M+H]+","ion correlated with 3552; ion correlated with 1859; ion correlated with 748; ion correlated with 3473; ion correlated with 398; ion correlated with 4011; ion correlated with 3478; ion correlated with 3798; ion correlated with 2727; ion correlated with 4054; ion correlated with 601; ion correlated with 3616; ion correlated with 1545; ion correlated with 3614; ion correlated with 3651; ion correlated with 3312; ion correlated with 2349; ion correlated with 647; ion correlated with 3025; ion correlated with 3806; ion correlated with 3628; ion correlated with 62; ion correlated with 3750; ion correlated with 2688; similar chromatogram in higher mz_1883",0.214,FALSE,"null","null","null","null","null","null",999,FALSE,FALSE,FALSE,"null","null","null","null","null",98.81,9332,3072,2651,0,1948,3368,2348,540643,731384,651496,224316,0,8153,0,0,0,120502,244812,125736,514586,551533,481389,0,0,0,0,0,0,"F712_mz129.1026_rt0.89",5018.33333333333,731384,145.713574179838,TRUE,14,0,0,3,0,FALSE,FALSE,TRUE,FALSE,"Exudate only","Early RT","No MS/MS assignment","Unknown","Exudate only; absent Soil",0,0,2554.66666666667,0
4361,1.085,439.29239,"Unknown","[M+H]+","ion correlated with 3776; ion correlated with 4293; ion correlated with 3453; ion correlated with 3174; ion correlated with 3629; ion correlated with 4585; ion correlated with 3921; ion correlated with 4127; ion correlated with 2433; ion correlated with 3431; ion correlated with 4335; ion correlated with 3759; ion correlated with 3584; ion correlated with 2671",0.214,FALSE,"null","null","null","null","null","null",999,FALSE,FALSE,FALSE,"null","null","null","null","null",2927.16,0,2476,3304,0,3399,0,2915,222652,244091,257713,77904,0,0,0,0,6766,40877,69170,43016,151631,205463,199184,0,0,0,2993,0,0,"F4361_mz439.2924_rt1.08",1926.66666666667,257713,133.692201279613,TRUE,14,1,0,2,1,FALSE,FALSE,TRUE,FALSE,"Exudate only","RT >= 1 min","No MS/MS assignment","Unknown","Exudate only; absent Soil",2255.33333333333,0,2104.66666666667,997.666666666667
4405,0.417,446.88855,"Unknown","[M+H]+","ion correlated with 3960; ion correlated with 4697; ion correlated with 2397",0.071,FALSE,"null","null","null","null","null","null",999,FALSE,FALSE,FALSE,"null","null","null","null","null",4683.44,5704,0,0,0,0,24663,6954,36712,24465,25605,80319,239738,228605,0,0,0,39915,46056,36271,39314,39079,40738,0,0,0,0,0,30240,"F4405_mz446.8886_rt0.42",1901.33333333333,239738,126.023655160329,TRUE,15,0,0,2,1,FALSE,FALSE,TRUE,FALSE,"Exudate only","Very early RT","No MS/MS assignment","Unknown","Exudate only; absent Soil",0,0,10539,10080
4508,1.018,470.33554,"Unknown","[M+H]+","ion correlated with 4373; ion correlated with 4302; ion correlated with 2515; ion correlated with 4005; ion correlated with 4308; ion correlated with 4238; ion correlated with 4390; ion correlated with 4449; ion correlated with 4322; ion correlated with 2639; ion correlated with 4607; ion correlated with 4083; ion correlated with 4125; ion correlated with 4468; ion correlated with 4113; ion correlated with 4534; ion correlated with 4478; ion correlated with 2308; ion correlated with 4382; ion correlated with 4219; ion correlated with 2228; ion correlated with 4178; ion correlated with 2196; ion correlated with 2439; ion correlated with 3897; ion correlated with 4293; ion correlated with 3629; ion correlated with 4585; ion correlated with 4081",0.179,FALSE,"null","null","null","null","null","null",999,FALSE,FALSE,FALSE,"null","null","null","null","null",47.64,0,1682,2542,0,1670,0,2061,130904,167789,175226,42442,0,0,0,0,0,14607,36466,26477,90639,101360,108976,0,0,0,0,0,2121,"F4508_mz470.3355_rt1.02",1408,175226,124.362668559262,TRUE,13,0,0,2,1,FALSE,FALSE,TRUE,FALSE,"Exudate only","RT >= 1 min","No MS/MS assignment","Unknown","Exudate only; absent Soil",0,0,1243.66666666667,707
89,0.458,75.02646,"Unknown","[M+H]+","ion correlated with 4643; similar chromatogram in higher mz_1778; found in higher mz's MsMs_1228; similar chromatogram in higher mz_2009; similar chromatogram in higher mz_1094; similar chromatogram in higher mz_2033; similar chromatogram in higher mz_2987; similar chromatogram in higher mz_1562",0.214,FALSE,"null","null","null","null","null","null",999,FALSE,FALSE,FALSE,"null","null","null","null","null",28.16,5305,0,3020,0,3576,3111,2714,194773,143596,184464,89935,0,0,0,0,0,43793,105331,44828,100828,257858,151415,0,7292,0,0,0,4795,"F89_mz75.0265_rt0.46",2775,257858,92.8886887608069,TRUE,15,0,1,3,1,FALSE,FALSE,TRUE,FALSE,"Exudate only","Very early RT","No MS/MS assignment","Unknown","Exudate only; absent Soil",0,2430.66666666667,3133.66666666667,1598.33333333333
2834,0.696,282.11996,"Unknown","[M+H]+",NA,0.036,FALSE,"null","null","null","null","null","null",999,FALSE,FALSE,FALSE,"null","null","null","null","null",43.34,0,2987,4613,0,6169,2835,0,165895,150160,108463,228613,121401,61611,0,0,18918,0,23566,16396,37855,0,92992,0,0,0,0,0,3238,"F2834_mz282.12_rt0.7",2533.33333333333,228613,90.2067604892805,TRUE,14,1,0,2,1,FALSE,FALSE,TRUE,FALSE,"Exudate only","Early RT","No MS/MS assignment","Unknown","Exudate only; absent Soil",6306,0,3001.33333333333,1079.33333333333
970,0.659,146.11777,"Unknown","[M+H]+","ion correlated with 1979; ion correlated with 1386",0.036,FALSE,"null","null","null","null","null","null",999,FALSE,FALSE,FALSE,"null","null","null","null","null",64.03,5625,4274,3163,0,3378,0,3511,308441,391987,198423,336615,257745,235815,26666,0,0,0,61474,27782,116482,241149,254722,0,0,0,0,0,3657,"F970_mz146.1178_rt0.66",4354,391987,90.0087256027554,TRUE,15,1,0,2,1,FALSE,FALSE,TRUE,FALSE,"Exudate only","Early RT","No MS/MS assignment","Unknown","Exudate only; absent Soil",8888.66666666667,0,2296.33333333333,1219
1054,0.571,152.1106,"Unknown","[M+H]+",NA,0.143,FALSE,"null","null","null","null","null","null",999,FALSE,FALSE,FALSE,"null","null","null","null","null",133.43,17105,4355,6048,0,6185,5058,4507,384073,462538,552523,93502,0,0,0,0,0,0,0,0,49787,242355,113448,0,0,0,3193,0,0,"F1054_mz152.1106_rt0.57",9169.33333333333,552523,60.2512449565628,TRUE,11,0,0,3,1,FALSE,FALSE,TRUE,FALSE,"Exudate only","Early RT","No MS/MS assignment","Unknown","Exudate only; absent Soil",0,0,5250,1064.33333333333
1971,0.451,216.13461,"Unknown","[M+H]+","ion correlated with 1270; ion correlated with 2090; ion correlated with 1528; ion correlated with 2326; ion correlated with 2140; found in higher mz's MsMs_3834",0.286,FALSE,"null","null","null","null","null","null",999,FALSE,FALSE,FALSE,"null","null","null","null","null",99.21,20633,17399,11218,0,6329,13629,9214,360673,574018,456922,551087,358569,319933,0,0,0,224266,380125,330778,482135,532300,551118,13908,0,0,0,9810,0,"F1971_mz216.1346_rt0.45",16416.6666666667,574018,34.9634946094654,TRUE,17,0,1,3,1,FALSE,FALSE,TRUE,FALSE,"Exudate only","Very early RT","No MS/MS assignment","Unknown","Exudate only; absent Soil",0,4636,9724,3270
493,0.43,114.10274,"Unknown","[M+H]+","ion correlated with 2058; ion correlated with 1590; ion correlated with 2004; ion correlated with 2360; ion correlated with 2016; ion correlated with 1812; found in higher mz's MsMs_2814; found in higher mz's MsMs_2572; similar chromatogram in higher mz_1682; similar chromatogram in higher mz_1965; similar chromatogram in higher mz_802; similar chromatogram in higher mz_1165; similar chromatogram in higher mz_3659; similar chromatogram in higher mz_2819; similar chromatogram in higher mz_3329",0.429,TRUE,"null","null","null","null","null","null",999,FALSE,FALSE,FALSE,"null","null","null","null","null",57.39,0,0,0,0,190584,0,2731,708836,1169838,1315034,438049,331066,28132,84902,68493,76391,286834,620576,411826,852740,1155753,975708,0,13684,0,0,0,0,"F493_mz114.1027_rt0.43",0,1315034,1315035,TRUE,18,3,1,2,0,TRUE,FALSE,TRUE,FALSE,"Leaf + Exudate","Very early RT","MS/MS available","Unknown","Leaf + Exudate; absent Root/Soil",76595.3333333333,4561.33333333333,64438.3333333333,0
4039,1.252,388.19717,"Unknown","[M+H]+","ion correlated with 1431; ion correlated with 3883",0.036,TRUE,"null","null","null","null","null","null",999,FALSE,FALSE,FALSE,"null","null","null","null","null",190.22,0,0,0,0,1268,1785,0,0,0,6696,6450,0,8066,1002827,37995,0,0,0,0,3116,4806,10505,0,0,0,0,0,0,"F4039_mz388.1972_rt1.25",0,1002827,1002828,TRUE,10,2,0,2,0,TRUE,FALSE,TRUE,FALSE,"Leaf + Exudate","RT >= 1 min","MS/MS available","Unknown","Leaf + Exudate; absent Root/Soil",346940.666666667,0,1017.66666666667,0
3142,0.461,303.11102,"Unknown","[M+2H]2+","ion correlated with 4259; ion correlated with 4582; ion correlated with 3927; ion correlated with 4463; ion correlated with 4725; ion correlated with 4731; ion correlated with 4249; ion correlated with 3230; ion correlated with 2200; ion correlated with 998; ion correlated with 1822; ion correlated with 1872; ion correlated with 2220; ion correlated with 3708; ion correlated with 4171; ion correlated with 3533; ion correlated with 2575; ion correlated with 2417; ion correlated with 4513",0.107,FALSE,"null","null","null","null","null","null",999,FALSE,FALSE,FALSE,"null","null","null","null","null",70.16,0,0,0,0,5404,0,4807,38488,0,0,10420,0,33447,491399,330983,546913,0,0,0,0,0,0,0,0,0,0,0,0,"F3142_mz303.111_rt0.46",0,546913,546914,TRUE,8,3,0,2,0,TRUE,FALSE,TRUE,FALSE,"Leaf + Exudate","Very early RT","No MS/MS assignment","Unknown","Leaf + Exudate; absent Root/Soil",456431.666666667,0,3403.66666666667,0
1063,1.024,153.10251,"Unknown","[M+H]+","ion correlated with 855; ion correlated with 1222; ion correlated with 2554; ion correlated with 2113",0.429,FALSE,"null","null","null","null","null","null",999,FALSE,FALSE,FALSE,"null","null","null","null","null",28.31,0,0,0,0,1480,2202,0,416929,392852,473526,449485,405835,394074,182860,0,114969,117718,173620,124192,221807,328919,364124,0,0,0,0,0,1704,"F1063_mz153.1025_rt1.02",0,473526,473527,TRUE,17,2,0,2,1,TRUE,FALSE,TRUE,FALSE,"Leaf + Exudate","RT >= 1 min","No MS/MS assignment","Unknown","Leaf + Exudate; absent Root/Soil",99276.3333333333,0,1227.33333333333,568
1529,1.011,186.14928,"Unknown","[M+H]+","ion correlated with 1561; ion correlated with 3048",0.107,FALSE,"null","null","null","null","null","null",999,FALSE,FALSE,FALSE,"null","null","null","null","null",67.68,0,0,0,0,1645,3718,3951,129059,130947,182843,232736,264412,261575,10305,19087,14816,25143,46228,25628,89334,95101,101901,0,0,0,0,0,1940,"F1529_mz186.1493_rt1.01",0,264412,264413,TRUE,19,3,0,3,1,TRUE,FALSE,TRUE,FALSE,"Leaf + Exudate","RT >= 1 min","No MS/MS assignment","Unknown","Leaf + Exudate; absent Root/Soil",14736,0,3104.66666666667,646.666666666667
4787,0.416,572.75232,"Unknown","[M+H]+","ion correlated with 4169; ion correlated with 4259; ion correlated with 4589; ion correlated with 4630; ion correlated with 3927; ion correlated with 4463; ion correlated with 4476; ion correlated with 4725; ion correlated with 4731; ion correlated with 4623; ion correlated with 3230; ion correlated with 998; ion correlated with 4124; ion correlated with 3142; ion correlated with 2129; ion correlated with 3038",0.107,FALSE,"null","null","null","null","null","null",999,FALSE,FALSE,FALSE,"null","null","null","null","null",3334.71,0,0,0,0,10517,0,22705,10830,14562,11544,9005,7494,0,179352,120591,200263,0,7189,0,7514,0,9844,0,0,23474,0,0,20574,"F4787_mz572.7523_rt0.42",0,200263,200264,TRUE,15,3,1,2,1,TRUE,FALSE,TRUE,FALSE,"Leaf + Exudate","Very early RT","No MS/MS assignment","Unknown","Leaf + Exudate; absent Root/Soil",166735.333333333,7824.66666666667,11074,6858
4589,0.416,490.78836,"Unknown","[M+H]+","ion correlated with 4672; ion correlated with 2628; ion correlated with 4169; ion correlated with 4259; ion correlated with 4630; ion correlated with 4787; ion correlated with 3927; ion correlated with 4424; ion correlated with 4463; ion correlated with 4476; ion correlated with 4725; ion correlated with 4731; ion correlated with 4249; ion correlated with 4623; ion correlated with 3661; ion correlated with 3230; ion correlated with 3273; ion correlated with 4528; ion correlated with 998; ion correlated with 1872; ion correlated with 4124; ion correlated with 4451; ion correlated with 1301; ion correlated with 3142; ion correlated with 2129; ion correlated with 3038; ion correlated with 3086",0.107,FALSE,"null","null","null","null","null","null",999,FALSE,FALSE,FALSE,"null","null","null","null","null",3582.26,0,0,0,0,24410,0,8776,8823,0,0,9475,0,0,189906,156287,191146,6301,0,0,7814,14113,7302,0,0,33928,0,0,0,"F4589_mz490.7884_rt0.42",0,191146,191147,TRUE,12,3,1,2,0,TRUE,FALSE,TRUE,FALSE,"Leaf + Exudate","Very early RT","No MS/MS assignment","Unknown","Leaf + Exudate; absent Root/Soil",179113,11309.3333333333,11062,0
1903,0.946,212.13434,"Unknown","[M+H]+",NA,0.036,FALSE,"null","null","null","null","null","null",999,FALSE,FALSE,FALSE,"null","null","null","null","null",50.32,0,0,0,0,0,2694,2372,59707,147182,150402,60599,139755,148761,31871,24210,0,7738,16764,0,47863,44256,97244,0,0,0,0,0,0,"F1903_mz212.1343_rt0.95",0,150402,150403,TRUE,15,2,0,2,0,TRUE,FALSE,TRUE,FALSE,"Leaf + Exudate","Early RT","No MS/MS assignment","Unknown","Leaf + Exudate; absent Root/Soil",18693.6666666667,0,1688.66666666667,0
4650,0.418,510.78497,"Unknown","[M+H]+",NA,0.107,FALSE,"null","null","null","null","null","null",999,FALSE,FALSE,FALSE,"null","null","null","null","null",2154.23,0,0,0,0,14330,35150,33851,52924,106355,70229,105829,57927,38748,40004,29390,24271,28720,62382,32221,89952,110950,73586,0,0,18682,0,0,28556,"F4650_mz510.785_rt0.42",0,110950,110951,TRUE,20,3,1,3,1,TRUE,FALSE,TRUE,FALSE,"Leaf + Exudate","Very early RT","No MS/MS assignment","Unknown","Leaf + Exudate; absent Root/Soil",31221.6666666667,6227.33333333333,27777,9518.66666666667
1391,0.971,176.11876,"Unknown","[M+H]+",NA,0.036,FALSE,"null","null","null","null","null","null",999,FALSE,FALSE,FALSE,"null","null","null","null","null",88.33,0,0,0,0,2739,1782,0,19127,0,0,52769,86150,106964,72270,60164,72586,0,0,0,11179,17809,0,7883,0,0,0,0,0,"F1391_mz176.1188_rt0.97",0,106964,106965,TRUE,12,3,1,2,0,TRUE,FALSE,TRUE,FALSE,"Leaf + Exudate","Early RT","No MS/MS assignment","Unknown","Leaf + Exudate; absent Root/Soil",68340,2627.66666666667,1507,0
4064,0.435,390.91174,"Unknown","[M+H]+","ion correlated with 3718; ion correlated with 3187; ion correlated with 3765; ion correlated with 4097; ion correlated with 2873; ion correlated with 4065",0.036,FALSE,"null","null","null","null","null","null",999,FALSE,FALSE,FALSE,"null","null","null","null","null",84.74,0,0,0,0,4846,8484,0,0,0,0,0,0,0,101977,44905,35013,0,0,0,0,0,0,0,0,0,0,0,0,"F4064_mz390.9117_rt0.44",0,101977,101978,TRUE,5,3,0,2,0,TRUE,FALSE,TRUE,FALSE,"Leaf + Exudate","Very early RT","No MS/MS assignment","Unknown","Leaf + Exudate; absent Root/Soil",60631.6666666667,0,4443.33333333333,0
1679,0.657,196.10037,"Unknown","[M+H]+","ion correlated with 1050; ion correlated with 2321; ion correlated with 458; ion correlated with 2363; ion correlated with 817; ion correlated with 2371",0.357,TRUE,"null","null","null","null","null","null",999,FALSE,FALSE,FALSE,"null","null","null","null","null",556.45,0,5589,2780,0,4142,2652,2914,4132348,5259802,4400440,1803231,123318,95906,66964,32328,32347,667423,1315535,658012,2255546,3423540,3450391,0,0,0,0,7759,0,"F1679_mz196.1004_rt0.66",2789.66666666667,5259802,1884.7836837076,TRUE,19,3,0,3,1,TRUE,FALSE,TRUE,FALSE,"Leaf + Exudate","Early RT","MS/MS available","Unknown","Leaf + Exudate; absent Root/Soil",43879.6666666667,0,3236,2586.33333333333
5117,8.93,758.57086,"Unknown","[M+H]+",NA,0.036,TRUE,"null","null","null","null","null","null",999,FALSE,FALSE,FALSE,"null","null","null","null","null",186.95,0,1596,0,0,0,1437,2189,437270,286065,2836,0,0,1646,4846,34696,798608,2726,0,1929,0,0,0,0,0,0,0,4897,0,"F5117_mz758.5709_rt8.93",532,798608,1498.32833020638,TRUE,12,3,0,2,1,TRUE,FALSE,TRUE,FALSE,"Leaf + Exudate","RT >= 1 min","MS/MS available","Unknown","Leaf + Exudate; absent Root/Soil",279383.333333333,0,1208.66666666667,1632.33333333333
1581,0.984,190.08664,"Unknown","[M+H]+","ion correlated with 3628; ion correlated with 2688; ion correlated with 3480; ion correlated with 3900; ion correlated with 4443; ion correlated with 3294; ion correlated with 3451; ion correlated with 2698; ion correlated with 1836; ion correlated with 3479",0.143,FALSE,"null","null","null","null","null","null",999,FALSE,FALSE,FALSE,"null","null","null","null","null",65.45,0,2077,0,0,0,1684,2467,443302,521221,378100,316605,95039,59124,14727,24148,20459,127845,250792,142912,379283,504840,451077,0,0,0,0,1768,0,"F1581_mz190.0866_rt0.98",692.333333333333,521221,751.7625,TRUE,18,3,0,2,1,TRUE,FALSE,TRUE,FALSE,"Leaf + Exudate","Early RT","No MS/MS assignment","Unknown","Leaf + Exudate; absent Root/Soil",19778,0,1383.66666666667,589.333333333333
361,0.696,104.05297,"Unknown","[M+H]+","ion correlated with 4471; ion correlated with 1256; ion correlated with 1567; ion correlated with 2015; ion correlated with 2363; ion correlated with 2543; ion correlated with 1187; ion correlated with 1700; ion correlated with 1441; ion correlated with 530; ion correlated with 1376; ion correlated with 2929; found in higher mz's MsMs_1031",0.321,FALSE,"null","null","null","null","null","null",999,FALSE,FALSE,FALSE,"null","null","null","null","null",134.37,0,8166,4011,0,2878,5376,0,1581957,2265126,2245500,831391,0,0,0,22131,79963,349149,470969,261830,831275,1585576,1656351,0,0,0,0,4022,0,"F361_mz104.053_rt0.7",4059,2265126,557.913054187192,TRUE,15,2,0,2,1,TRUE,FALSE,TRUE,FALSE,"Leaf + Exudate","Early RT","No MS/MS assignment","Unknown","Leaf + Exudate; absent Root/Soil",34031.3333333333,0,2751.33333333333,1340.66666666667
2010,0.658,219.09801,"Unknown","[M+H]+",NA,0.036,FALSE,"null","null","null","null","null","null",999,FALSE,FALSE,FALSE,"null","null","null","null","null",88.52,0,0,2665,0,4282,3377,0,327404,434043,485634,325435,29724,16451,292287,264115,322371,30916,52490,33362,10778,220884,224633,0,0,0,0,0,0,"F2010_mz219.098_rt0.66",888.333333333333,485634,546.066341829085,TRUE,17,3,0,2,0,TRUE,FALSE,TRUE,FALSE,"Leaf + Exudate","Early RT","No MS/MS assignment","Unknown","Leaf + Exudate; absent Root/Soil",292924.333333333,0,2553,0
3654,1.162,348.20224,"Unknown","[M+H]+","ion correlated with 4412; ion correlated with 4838; ion correlated with 4480; ion correlated with 3739; ion correlated with 4333; ion correlated with 2871; ion correlated with 1896; ion correlated with 3957; ion correlated with 3752; ion correlated with 3910; ion correlated with 4762; ion correlated with 4484; ion correlated with 4656; ion correlated with 3224; ion correlated with 4726; ion correlated with 1381; ion correlated with 1635; ion correlated with 3105; ion correlated with 3258; ion correlated with 3816; ion correlated with 4698; ion correlated with 3600; ion correlated with 4688; ion correlated with 4556",0.036,FALSE,"null","null","null","null","null","null",999,FALSE,FALSE,FALSE,"null","null","null","null","null",174.75,0,2300,0,0,0,1584,1788,4002,0,5158,6446,7005,8309,159945,130538,300998,0,0,0,0,0,3990,0,0,10400,0,0,0,"F3654_mz348.2022_rt1.16",766.666666666667,300998,392.095961788971,TRUE,12,3,1,2,0,TRUE,FALSE,TRUE,FALSE,"Leaf + Exudate","RT >= 1 min","No MS/MS assignment","Unknown","Leaf + Exudate; absent Root/Soil",197160.333333333,3466.66666666667,1124,0
1348,0.927,173.12888,"Unknown","[M+H]+","ion correlated with 2034; ion correlated with 1623; ion correlated with 824; ion correlated with 1498; ion correlated with 1867; ion correlated with 2082",0.429,FALSE,"null","null","null","null","null","null",999,FALSE,FALSE,FALSE,"null","null","null","null","null",67.22,4440,2160,0,0,0,2811,1869,557586,659344,578520,711468,859455,829622,70782,12307,24392,159253,296691,146967,404355,578782,583338,42780,0,0,2629,0,0,"F1348_mz173.1289_rt0.93",2200,859455,390.484325306679,TRUE,19,3,1,2,1,TRUE,FALSE,TRUE,FALSE,"Leaf + Exudate","Early RT","No MS/MS assignment","Unknown","Leaf + Exudate; absent Root/Soil",35827,14260,1560,876.333333333333
3224,1.192,310.1424,"Unknown","[M+H]+","ion correlated with 5140; ion correlated with 4677; ion correlated with 3739; ion correlated with 4333; ion correlated with 3654; ion correlated with 4110; ion correlated with 4353; ion correlated with 4341; ion correlated with 4388; ion correlated with 2740; ion correlated with 4166; ion correlated with 4206; ion correlated with 4952; ion correlated with 3957; ion correlated with 3752; ion correlated with 4960; ion correlated with 4041; ion correlated with 3635; ion correlated with 4789; ion correlated with 4803; ion correlated with 4937; ion correlated with 4448; ion correlated with 1381; ion correlated with 1635; ion correlated with 4062; ion correlated with 3600; ion correlated with 4688; ion correlated with 4825; ion correlated with 4381; ion correlated with 1402; ion correlated with 3563; ion correlated with 2624; ion correlated with 3886; ion correlated with 3934; ion correlated with 3051",0.071,FALSE,"null","null","null","null","null","null",999,FALSE,FALSE,FALSE,"null","null","null","null","null",12.37,0,0,1966,0,2363,2148,0,4328,1463,3440,6303,24322,20131,180888,88098,187889,0,3396,2973,5808,3697,10377,0,0,3884,0,1530,0,"F3224_mz310.1424_rt1.19",655.333333333333,187889,286.272219400711,TRUE,18,3,1,2,1,TRUE,FALSE,TRUE,FALSE,"Leaf + Exudate","RT >= 1 min","No MS/MS assignment","Unknown","Leaf + Exudate; absent Root/Soil",152291.666666667,1294.66666666667,1503.66666666667,510
3049,0.97,297.15695,"Unknown","[M+H]+","ion correlated with 1960",0.036,FALSE,"null","null","null","null","null","null",999,FALSE,FALSE,FALSE,"null","null","null","null","null",27.86,0,0,2135,0,2066,2348,2180,190463,188353,128690,89147,31329,52848,25777,0,8497,35971,62007,37042,125116,168020,56003,0,0,0,0,3391,0,"F3049_mz297.157_rt0.97",711.666666666667,190463,267.255378858746,TRUE,18,2,0,3,1,TRUE,FALSE,TRUE,FALSE,"Leaf + Exudate","Early RT","No MS/MS assignment","Unknown","Leaf + Exudate; absent Root/Soil",11424.6666666667,0,2198,1130.33333333333
1594,1.421,191.1069,"Unknown","[M+H]+","ion correlated with 954",0.071,TRUE,"null","null","null","null","null","null",999,FALSE,FALSE,FALSE,"null","null","null","null","null",20.4,3505,3139,1377,0,1332,0,2424,685,3474,3872,5712,3059,4636,656927,180457,22389,2016,2112,0,2614,0,3419,2380,0,0,0,0,0,"F1594_mz191.1069_rt1.42",2673.66666666667,656927,245.611166500499,TRUE,16,3,1,2,0,TRUE,FALSE,TRUE,FALSE,"Leaf + Exudate","RT >= 1 min","MS/MS available","Unknown","Leaf + Exudate; absent Root/Soil",286591,793.333333333333,1252,0
4196,4.528,409.27448,"Unknown","[M+H]+","ion correlated with 2383; ion correlated with 3324; ion correlated with 3519",0.107,FALSE,"null","null","null","null","null","null",999,FALSE,FALSE,FALSE,"null","null","null","null","null",15.17,0,1614,1560,0,1452,0,1392,0,0,0,0,3199,0,193971,151051,249914,0,0,0,2713,1950,0,0,0,1389,0,0,0,"F4196_mz409.2745_rt4.53",1058,249914,235.991501416431,TRUE,9,3,1,2,0,TRUE,FALSE,TRUE,FALSE,"Leaf + Exudate","RT >= 1 min","No MS/MS assignment","Unknown","Leaf + Exudate; absent Root/Soil",198312,463,948,0
1640,0.89,194.08147,"Unknown","[M+H]+","ion correlated with 1525",0.107,FALSE,"null","null","null","null","null","null",999,FALSE,FALSE,FALSE,"null","null","null","null","null",93.59,0,7381,5191,0,0,2352,3691,519899,324707,247482,491399,634759,719399,0,16475,70735,191450,247216,215935,300878,451164,456182,0,0,0,2284,0,0,"F1640_mz194.0815_rt0.89",4190.66666666667,719399,171.626242544732,TRUE,17,2,0,2,1,TRUE,FALSE,TRUE,FALSE,"Leaf + Exudate","Early RT","No MS/MS assignment","Unknown","Leaf + Exudate; absent Root/Soil",29070,0,2014.33333333333,761.333333333333
2626,0.652,267.20697,"Unknown","[M+H]+","ion correlated with 2739; similar chromatogram in higher mz_3534",0.107,FALSE,"null","null","null","null","null","null",999,FALSE,FALSE,FALSE,"null","null","null","null","null",179.78,20586,9172,9599,0,4489,4293,0,0,0,0,0,0,0,1821644,556617,727030,0,0,0,0,0,0,0,0,0,0,0,4709,"F2626_mz267.207_rt0.65",13119,1821644,138.844893292683,TRUE,6,3,0,2,1,TRUE,FALSE,TRUE,FALSE,"Leaf + Exudate","Early RT","No MS/MS assignment","Unknown","Leaf + Exudate; absent Root/Soil",1035097,0,2927.33333333333,1569.66666666667
1872,0.457,209.16515,"Unknown","[M+H]+","ion correlated with 3696; ion correlated with 2628; ion correlated with 4169; ion correlated with 4259; ion correlated with 4589; ion correlated with 3927; ion correlated with 4413; ion correlated with 4463; ion correlated with 4725; ion correlated with 4731; ion correlated with 3508; ion correlated with 4249; ion correlated with 3661; ion correlated with 3069; ion correlated with 3230; ion correlated with 3273; ion correlated with 998; ion correlated with 1091; ion correlated with 4124; ion correlated with 3142; ion correlated with 2129; ion correlated with 4171; ion correlated with 3533; ion correlated with 2556",0.107,FALSE,"null","null","null","null","null","null",999,FALSE,FALSE,FALSE,"null","null","null","null","null",32.42,0,7849,0,0,4645,0,4220,0,0,0,0,0,0,349183,344464,301636,0,0,0,0,0,0,0,0,0,0,0,0,"F1872_mz209.1652_rt0.46",2616.33333333333,349183,133.412124299542,TRUE,5,3,0,2,0,TRUE,FALSE,TRUE,FALSE,"Leaf + Exudate","Very early RT","No MS/MS assignment","Unknown","Leaf + Exudate; absent Root/Soil",331761,0,2955,0
1201,0.8,164.05702,"Unknown","[M+H]+","ion correlated with 2115; ion correlated with 2464",0.071,FALSE,"null","null","null","null","null","null",999,FALSE,FALSE,FALSE,"null","null","null","null","null",31.52,5215,0,0,0,2743,2260,2453,160290,198355,206747,191379,94316,93909,29571,0,32780,0,0,21783,71260,107164,128350,0,0,0,0,0,3444,"F1201_mz164.057_rt0.8",1738.33333333333,206747,118.866232272901,TRUE,16,2,0,3,1,TRUE,FALSE,TRUE,FALSE,"Leaf + Exudate","Early RT","No MS/MS assignment","Unknown","Leaf + Exudate; absent Root/Soil",20783.6666666667,0,2485.33333333333,1148
1749,1.131,201.13887,"Unknown","[M+H]+","ion correlated with 1681; ion correlated with 1526; ion correlated with 1636; ion correlated with 2972",0.071,FALSE,"null","null","null","null","null","null",999,FALSE,FALSE,FALSE,"null","null","null","null","null",53.24,0,3466,3578,0,3685,1654,0,202423,212215,219882,200775,102525,102757,48786,29557,12577,54762,67884,45310,115081,151910,157729,0,0,4685,0,1964,0,"F1749_mz201.1389_rt1.13",2348,219882,93.6070668369519,TRUE,19,3,1,2,1,TRUE,FALSE,TRUE,FALSE,"Leaf + Exudate","RT >= 1 min","No MS/MS assignment","Unknown","Leaf + Exudate; absent Root/Soil",30306.6666666667,1561.66666666667,1779.66666666667,654.666666666667
847,0.732,139.00266,"Unknown","[M+H]+","ion correlated with 1617; ion correlated with 704; ion correlated with 1371; ion correlated with 2174",0.179,FALSE,"null","null","null","null","null","null",999,FALSE,FALSE,FALSE,"null","null","null","null","null",14.22,26853,3874,4791,0,6514,0,4338,142327,146199,160392,37569,0,0,522583,645073,664966,16486,0,0,61503,123145,103916,0,0,29792,0,0,0,"F847_mz139.0027_rt0.73",11839.3333333333,664966,56.1611722642944,TRUE,14,3,1,2,0,TRUE,FALSE,TRUE,FALSE,"Leaf + Exudate","Early RT","No MS/MS assignment","Unknown","Leaf + Exudate; absent Root/Soil",610874,9930.66666666667,3617.33333333333,0
5050,9.696,714.5069,"Unknown","[M+H]+","ion correlated with 4121; ion correlated with 4278; ion correlated with 4545",0.107,FALSE,"null","null","null","null","null","null",999,FALSE,FALSE,FALSE,"null","null","null","null","null",17.14,14160,0,0,0,1339,832,0,235610,0,0,0,0,0,0,124121,190160,0,0,0,775,0,0,0,0,0,0,0,0,"F5050_mz714.5069_rt9.7",4720,235610,49.9070112264351,TRUE,6,2,0,2,0,TRUE,FALSE,TRUE,FALSE,"Leaf + Exudate","RT >= 1 min","No MS/MS assignment","Unknown","Leaf + Exudate; absent Root/Soil",104760.333333333,0,723.666666666667,0
