"feature_name","PC1","PC2","PC3","PC4","PC5","PC6","PC7","PC8","PC9","PC10","PC11","PC12","PC13","PC14","PC15","PC16","PC17","PC18","PC19","PC20","PC21","PC22","PC23","PC24","maximum_absolute_loading","feature_set"
"F2021_mz219.1749_rt1.21",-0.00231242572476954,-0.00318731820016808,-0.0476564881778325,0.00275911236120094,0.00343847300468994,-0.028040998925497,0.00694784595744412,0.00121484200744895,0.00808467587811019,-0.00488419290874969,0.0168104285008895,-0.000802431170337015,0.0177424379137398,-0.00125956191231726,0.0443105874447031,0.0105828821509377,-0.0132921526376433,-0.0128476321186856,0.00473324498841733,-0.0258720836590594,-0.00368930463062631,0.0266439991633446,-0.00814820829349493,-0.00944777610494839,0.0476564881778325,"Top_4144"
"F181_mz86.0602_rt0.45",0.00352326991727365,-0.00206431416586121,0.0475120718607161,0.0148120249100845,-0.00342493672973926,-0.0113327522241293,0.0234892567530537,0.0110051735232727,-0.0023368698794773,0.00292369052106621,0.0184261291725403,-0.0128313733587822,0.0134535376642718,0.00365330521628414,-0.00717187138433318,0.0014171247588276,-0.00680180015600735,0.00179601704280193,-0.00635174714801964,0.00910044215807836,0.00982009162813538,-0.00465333359383652,-0.00465726444848269,0.0354888027339783,0.0475120718607161,"Top_4144"
"F2587_mz264.0986_rt1.08",-0.000810183740799062,0.0047912913460233,-0.0465735793987592,0.00340591153411669,0.00263247702424419,-0.0238632712719395,0.00380991916457089,-0.00353332633387822,0.0125699923318262,0.014313026510753,0.0145549236526389,0.0021093673952165,0.00481309252545072,0.00370317633891881,-0.0117705982340931,0.0414009805675989,0.0483805064108007,0.0389798054114923,-0.0069050134204379,-0.0048690225825021,-0.0178113785112319,-0.00358183341221467,-0.0131639342824382,0.00310070159040689,0.0465735793987592,"Top_4144"
"F1754_mz201.1642_rt1.21",-0.000909764296220905,-0.00631530746501053,-0.0461958229180244,0.0127611713211579,-0.00116185332418992,-0.0384017830549929,-0.00441703965834715,-0.010665683287034,0.0243716113124498,-4.23285035663475e-05,0.0103868172509956,-0.00607516699300667,0.0002816141521459,0.00473874664276205,0.000357495372692596,0.00507662383419291,0.00155166954886758,0.000173953858296803,0.0042369395379967,0.000867178140208039,0.00472935641559853,0.000295937425306581,0.0015274137664087,-0.00253070142311892,0.0461958229180244,"Top_4144"
"F362_mz104.0707_rt0.55",-0.00591977444809937,0.00186461387545838,0.0447974811384572,0.0117549330896104,0.0195207654089701,-0.0220205170542189,0.018383720446381,0.0212036478632728,-0.00461855072347169,-0.000499559941392468,0.0189359195982707,-0.00388913931516049,0.00330481941114206,-0.00854079222035788,0.010305964105351,-0.0157523651530065,0.000487393758510733,0.00946572337527151,0.00140381206425514,-0.00824416625696281,0.0113204181128915,-0.00672413438797206,-0.00230664570762491,-0.00646705093881648,0.0447974811384572,"Top_4144"
"F3461_mz331.1297_rt1.01",0.00556793720013072,0.00625417417972627,-0.0443374828808357,0.0130941824705875,-0.0026063440706816,0.0282633900524346,0.0112594726325704,-0.0276751795404076,0.000793844320482261,-0.00197976034931497,0.0203861240973531,0.00372350164866195,0.0152277320594909,-0.00517507670828896,0.0264240249361352,0.00797935386138834,0.0102631490790102,0.00358907010825414,0.000746462273117544,0.00413081887900238,-0.0043323517478761,-6.73190091144158e-05,0.00522168573432678,-0.0145345498692066,0.0443374828808357,"Top_4144"
"F1765_mz202.1078_rt1",0.00716198440251651,-0.00579684873746405,-0.0442519142153736,0.00118567318515177,-0.0137610059071597,-0.0124847038198488,0.00873927558527013,0.0216586234629538,0.0101550791978557,-0.0197797556895142,0.0247105296857049,-0.0116781883276259,0.0078560382734197,0.0396711689791181,0.011440351242758,-0.0140239099561522,-0.000833776469692941,0.00425105597323922,0.00163856237803069,-0.00190152674697406,-0.00268876315034183,-0.0105537167726404,-0.0124169834853941,0.00473860892809059,0.0442519142153736,"Top_4144"
"F1789_mz203.1798_rt1.6",-0.000120747047133796,-0.0108908202150215,-0.0438001424458229,0.0132719812747205,-0.000987747105252122,-0.040706339047692,0.0184460994195792,0.00517465286579121,0.00708664616869949,-0.000870057017821917,0.0122731741428148,-0.00190349946042082,-8.30563686699407e-05,0.00622365845791862,-0.0053884497041142,0.00491719158679345,0.00162722819164361,-1.40812468248114e-05,0.00270993300391889,0.000802403390698921,0.00575266293770181,-0.000638709845659786,0.00125530265710928,0.00117362608828842,0.0438001424458229,"Top_4144"
"F958_mz145.1015_rt1.21",-0.00779193352116846,-0.00110515800819971,-0.0437797179447135,0.00092786611124915,0.0028730559465142,-0.034777935073226,-0.00259923158545046,-0.0129729295964494,-0.0153554322016222,-0.0196946522915808,-0.00362514108412749,-0.00270475527992032,-0.00722041248525613,-0.0147576157092503,0.0115432055704209,0.00149166444496911,0.000960723678110768,0.0444251500523456,0.00476168390254433,0.0205342222086881,0.0146229425516954,-0.0455825427610788,0.00143867724673442,0.000330053572123007,0.0437797179447135,"Top_4144"
"F2350_mz245.181_rt0.44",-0.00160089831074581,0.00249341510358631,-0.043757917145835,-0.00686145263155553,0.029481701287495,-0.0252056510741614,-0.00848568551314407,0.0117220147790678,-0.000121979094393745,-0.0444987095113486,0.00411747328204372,0.00530767546574092,0.00803815744026035,0.0123285270720254,-0.0091848513918508,0.0149617070239146,0.0158242883706029,0.0171044692286603,-0.0253029925857558,0.00435690937144056,0.00634091160462569,-0.0033537352914871,0.00245618681218421,-0.0111977980624689,0.043757917145835,"Top_4144"
"F2125_mz227.1434_rt1.54",0.000687899268325163,-0.0129972220554137,-0.0436625541062846,0.0154688685568268,-0.00458029714905526,-0.0284523756433824,0.00503947834152378,6.73967041390752e-05,0.00592450895943037,0.000727820587709386,0.00538296551262028,-6.5705158643415e-05,-0.00372949879860885,0.00171667030681259,0.00893196063257836,-0.000960962449146576,-0.00278097077724111,0.00603849829038864,0.0111199918811742,0.00128946485027897,0.00459025265190446,-0.000670686835874427,0.00165919001907477,-0.0100946458952386,0.0436625541062846,"Top_4144"
"F2323_mz244.095_rt1.18",0.00964055154228523,0.00229426392851115,-0.0435927245484955,0.00264961043113927,0.01924702508535,-0.0190827621782874,0.00463185507511788,-0.00119622252404533,-0.00939121735355381,0.0146041670250251,-0.00782256118516809,0.00665946474594699,0.00685827318683401,-0.00753737905375498,0.0200016008594263,-0.007626232427538,0.00470670758486624,0.0112060141837417,-0.00326324303971449,0.00381535593987287,0.0038860315989118,-0.00384576044274426,0.00171439674213728,-0.000245497578204141,0.0435927245484955,"Top_4144"
"F3172_mz305.1348_rt0.66",-0.00117501350761131,0.000408475910796307,-0.043106670677277,-0.00767336240570904,0.0337041619191763,0.0113615686464241,0.0109802526178132,-0.00815193304615174,0.0196509037024386,0.00268460446426024,0.00620817776832408,0.0021102712136997,-0.0459534509963618,0.0168310635558186,-0.023105445212842,0.0291954599695284,0.0210949593033991,0.0063272556428313,0.0081109149398719,-0.00872337676668149,0.00676465580233622,0.000765417405383629,0.00167582287149875,0.0050110327211713,0.043106670677277,"Top_4144"
"F259_mz97.0286_rt1.01",0.00328097100030664,-0.00798735960976297,-0.0430626226830808,0.000444099700221791,-0.0248325291554167,-0.0132678300928407,0.00550850702562268,0.0152286604419469,-0.00649611545517538,-0.0124010285059135,-0.0172033417790832,-0.0177314550426673,0.00320329006198684,0.0504253493686918,0.015410692690129,-0.00638992969604235,0.00852644369503752,-0.0169439589809115,0.0101287448698454,0.0269187381159387,0.00768086180046607,0.0278888179281337,0.0493427769660473,0.0173021764648889,0.0430626226830808,"Top_4144"
"F2020_mz219.1747_rt1.58",0.000526154492570877,-0.011929600835969,-0.042644501001986,0.0156387517649016,-0.00139277610201074,-0.0263401440779109,0.00368471680476831,-0.0167812375706132,0.0162712860772801,-0.000599683705374047,0.0229548630461038,-0.0176282176739469,0.0106565260853319,0.00420179845859035,-0.0242873109791628,0.00773223396998831,-0.0151317945603466,0.0170585622427847,-0.00630445546458242,-0.0138045644160706,0.0167370919114544,0.00447552021563877,-0.0017840801418407,-0.00598666437610144,0.042644501001986,"Top_4144"
"F3243_mz312.0542_rt1",0.00269799091161529,-0.013902507903427,-0.0425140861653808,0.016121865729578,-0.00317946335170224,-0.0233828019000217,0.00615023200964891,0.00846909765905204,-0.0123657391137671,0.00622410824201756,-0.00131141018777077,0.00493175145758694,0.00595333048644235,-0.0021021611492626,0.00974712149595137,-0.000791368786458733,-0.00755350751912203,-0.0133207755939406,0.000800963563313397,0.00426634852143628,0.00319314984099809,-0.000838785101502174,0.000920242941131859,-0.00481859898937744,0.0425140861653808,"Top_4144"
"F3857_mz367.1217_rt1.32",0.00168259595646831,-0.0134236740103257,-0.0424166946279658,0.0168876841288548,-0.0106484054003109,-0.0228150558481908,0.00844799317435027,0.00218404981774248,0.00148994185473461,0.000764819513689488,0.00272890023618252,0.0023670337258279,-0.00443992499753645,-0.00561379533339943,0.0212276623803197,-0.0092602832065674,0.00227915613406031,0.00728512717120401,-0.0180676292834756,0.00866620947213807,0.00445164338180614,-0.000748256444068971,0.00152367007299139,-0.00726710580759894,0.0424166946279658,"Top_4144"
"F3348_mz319.0188_rt0.42",-0.00492656200559412,-0.00478924350878384,0.0423987901388535,0.0095092996658239,-0.0240949621903853,0.00579899444051373,-0.0281707070853243,-0.0290776769593271,-0.0229270406077929,0.021189925688238,-0.02982777383379,0.00924018454121954,-0.00802106647056903,0.0101202849392675,-0.0049741807480651,0.0096500223163462,0.0291543770078327,-0.00172881831270979,-0.00570959305500261,0.00020323712161585,-0.00163471882931974,0.00296139721539759,-0.00348735405535889,0.00393650090475109,0.0423987901388535,"Top_4144"
"F1700_mz198.0976_rt0.69",0.00987553300397495,0.00925846732664871,0.0421821896139289,0.00257634652163811,-0.00391771005004592,-0.00795855113048397,0.0236945766935607,0.0127160536399654,0.0109976480831235,-0.00576070347060275,0.0152270296477011,-0.0160196085374466,0.00111916311699105,0.00124895712025036,-0.000294853925681059,-0.00623094749704689,-0.00200545634543674,0.00207134782934078,0.00422699633441205,0.012800587718867,-0.0163691502854617,-0.00151425613768872,-0.00913469911470813,0.0039191965762619,0.0421821896139289,"Top_4144"
"F1358_mz174.0553_rt0.89",0.00313427610427919,-0.0149849746660543,-0.0420821274381,0.014551253819831,0.00499421777924989,-0.0104137614350052,0.0192406724279339,0.000150972364276553,0.00124268465822659,0.0174471019481792,0.00629096791631565,0.000960810515261731,0.00662292380954548,0.00121485087426353,-0.00737100845389404,-0.000897188593198901,-0.00526275321967812,-0.0160796028172458,-0.0045733660212313,0.00131870352346443,0.00360048932406485,-0.000362605918714606,0.000855218979555527,-0.00576272200362592,0.0420821274381,"Top_4144"
"F2021_mz219.1749_rt1.21",-0.00685875260208501,-0.00130291422047322,0.0535926440402058,-0.00952861147161631,-0.0099194356159404,0.0336765738424541,0.00429056398295735,0.0179571004323744,0.0235964791136429,-0.0286279749422172,0.001450931980799,-0.0137788042972653,-0.0493967295043919,-0.0259330847683136,0.0357322744605295,-0.0314529194187478,0.000673342386675865,0.0315642669487903,-0.0323805176013119,-0.0483885631772292,-0.000993848514609998,0.0404915063021535,-0.00985771647434348,-0.0820472546494776,0.0535926440402058,"Top_2000"
"F1754_mz201.1642_rt1.21",-0.00661559820904583,-0.00569170480831175,0.0535055540325891,0.0106358747926411,-0.00566860755294542,0.036956166217772,0.0183686475869876,-0.00325387025357004,0.0389278512167173,-0.037161694283573,-0.0525395702397615,-0.0144108563434782,-0.00278603316827366,-0.0100304776852455,0.00309269182452046,0.00421495246771323,0.000586358676689148,0.00781311189711791,0.00565826556667697,-0.0026017662870008,0.00475593833048509,-0.00552935823267679,-0.00210224014688633,-0.143987548116167,0.0535055540325891,"Top_2000"
"F2587_mz264.0986_rt1.08",-0.000230283420437167,0.00559228934391238,0.053085906576919,-0.00917198062129994,-0.0109762330512666,0.0266788679525473,0.00445844771834506,0.0215791487835941,0.0372542388031907,-0.0234126655708048,-0.026131265851455,0.0026400564912756,0.0456889502930027,0.00098655679022415,0.0477920830761899,0.0429913214156073,-0.0500449596846398,-0.0656486318753606,-0.0223175408058329,0.00437511446028475,-0.034404365637158,0.0176431390939559,0.0230424628667567,-0.00337913463440057,0.053085906576919,"Top_2000"
"F3461_mz331.1297_rt1.01",0.00918972103168697,0.000877932391568508,0.0529255981021579,0.0106635793249727,-0.00241399622024112,-0.0321195145164391,-0.0466398370236842,0.0176644757610235,0.035947959961966,0.0245251903082695,0.00907114838622847,0.00440577520418471,-0.0273476814790803,-0.0240792182163154,0.0208288748680219,-0.00445274306946545,-0.0235216782444374,-0.00449818215106122,0.0021045586441825,-2.32694124892696e-05,-0.0109750612657003,0.00395999955140445,-0.00469978615274063,-0.074494846282817,0.0529255981021579,"Top_2000"
"F2323_mz244.095_rt1.18",0.0123121713602607,-0.00713015610264364,0.0512289380914012,-0.0193623276647557,0.0109960469348954,0.0287692841259769,0.0136445529465317,0.0122320889895184,0.00865570022909884,0.00921942213846169,0.00940849935165741,0.00720757987328999,-0.0378301855101075,0.023899957084153,0.00556805586949415,0.00576024316969172,-0.00608495103371038,-0.0215918684762827,-0.000409700661232685,0.0100954458301652,0.00611737718555623,-0.00382945618285389,-0.00355472752630386,0.0105596811709437,0.0512289380914012,"Top_2000"
"F1789_mz203.1798_rt1.6",-0.00812925525809055,-0.0111806615248437,0.0508579893777895,0.0140036824858463,-0.00566511738406705,0.0554073404597783,0.0088396619887245,0.00386355010759389,0.00932960646824047,-0.0240098926387009,-0.0123537240830137,0.000754761819656711,0.0121996024783639,-0.0177770606261446,-0.000961300730773314,0.00413052312232817,-0.00509418334428485,0.00697263080868338,0.00478954531469434,0.000404254564342674,0.00508646570985341,-0.00538767028944142,-0.00211167038658743,0.0825750400569971,0.0508579893777895,"Top_2000"
"F2125_mz227.1434_rt1.54",-0.00825428298278447,-0.0141969615563553,0.0508070422422978,0.0190763842063457,-0.0061500799233863,0.0324328044236996,0.0159423191309353,0.00144996440402953,0.00945118759025465,-0.0150775269692345,-0.0211814033021134,0.00231776479011752,-0.014053623736778,-0.0102641770809607,0.0045516939198185,-0.000304166910520408,0.00311227650033541,-0.0023140606598736,0.0174756642115938,-0.0109508322769287,-0.00366634697019667,-0.00601309961304412,-0.00328072423235601,0.0295680840066784,0.0508070422422978,"Top_2000"
"F181_mz86.0602_rt0.45",0.00573217026405859,-0.00479913453260313,-0.0500968853303397,0.0432240084351783,0.0211627868675909,0.0318952392471078,-0.0139812127022826,0.0291546932917522,-0.0134277653262174,0.00069860567826301,0.0130247398333194,-0.0174059866210095,0.0188422656783191,-0.0287990080132961,-0.00898118235829214,-0.00316948889790896,0.00361448902209673,0.00174276199134407,0.00475527812418907,0.0185427010986923,0.0209285302476819,-0.00497076247304662,0.0137686402248049,0.0174960762286547,0.0500968853303397,"Top_2000"
"F2020_mz219.1747_rt1.58",-0.00779984119522399,-0.0128965824433857,0.0498964274591195,0.017506323214705,-0.000280236998244125,0.0296762564734314,0.00152682627374373,0.0123859205287329,0.045074440513485,-0.01205346586365,-0.0405142708876033,-0.0226528521541927,0.0321404737622982,-0.0322899905618082,-0.0145047717802929,0.0125133402512113,0.0361401667945424,-0.00796338226518042,-0.0157410996714834,-0.0151641764708301,0.0349158910967345,-0.00181939564662072,0.00664133199517457,0.0389153484905591,0.0498964274591195,"Top_2000"
"F1765_mz202.1078_rt1",0.00395206298855909,-0.0132872306986985,0.0498542479121249,-0.00190776663079994,-0.0344209479173525,0.0132034050686933,0.00204618003819796,0.004449490548988,-0.0190281789704462,-0.0411627637022701,0.00498861523140375,-0.0252790585063527,0.00198926271466338,-0.0662434063391454,-0.0298040483323025,-0.0419520814675145,-0.0250124431216445,-0.0127748183960518,-0.000310931035064222,-0.00845263075191497,-0.00500901447430212,-0.0113496524037268,0.0325128763522014,0.0691288613652867,0.0498542479121249,"Top_2000"
"F3243_mz312.0542_rt1",-0.00606484138853077,-0.0171065174921625,0.0497866169630786,0.0198831300616822,-0.00359875182737679,0.0291879780414472,0.0243781287204796,0.0111679398458628,-0.000677621151842312,0.003357747875785,0.0128603738973144,0.00524452134990851,-0.0155783134126514,0.00772563861056088,0.0036698740077803,-0.00982903099582918,-0.000742335196249423,0.0241409664657978,0.00184275397050892,0.00723854983006884,0.0039080446800923,-0.00489049535034633,-0.00238273453466185,-0.0982887756576487,0.0497866169630786,"Top_2000"
"F3857_mz367.1217_rt1.32",-0.00719278969471678,-0.0155998986195937,0.0495412253812866,0.0256849459210124,-0.0124433376748608,0.0262128403319691,0.0105764281623583,0.00114273367545136,-0.00333173403459409,-0.0049587435767302,-0.0134333021588543,0.00499035878774694,-0.0373078687714647,-0.0101016366710629,0.00527104427485928,0.00732153563661945,-0.00859833064898375,-0.00839271275262793,-0.0165749490735316,0.0254024478566059,0.0159168610497032,-0.00424981482920348,-0.00599156542109705,-0.0308271006437995,0.0495412253812866,"Top_2000"
"F1358_mz174.0553_rt0.89",-0.00602414438112417,-0.0187084547354261,0.0494345767800724,0.0131770972484428,0.00847899038670835,0.023824991377176,-0.011765245489683,0.023273725209887,9.33830964192233e-05,-0.000532237875291885,0.00253652897775133,0.00579302089154927,0.0106851156096508,0.0170577206374924,-0.0144525127787883,-0.00272478833624077,-0.00123786399806039,0.0251040907821647,-0.00596326102186841,0.010953240508799,0.00944203095809207,-0.000828828670981915,-0.00138663183272272,-0.0321442045879218,0.0494345767800724,"Top_2000"
"F1003_mz148.0396_rt1.21",0.00819722901067266,-0.0118857054430215,0.0491290529687903,0.0184001460365146,-0.0184916153286948,0.0234085086582832,0.0371275405643278,0.00473462206170836,0.0351563677246515,-0.00422122161645368,-0.0158072131851775,-0.0308487663049084,-0.0264725149153914,0.0161098694535766,-0.0284069189731176,-0.00329964897337056,-0.0560710794743227,0.0102246735298516,0.0411580096098296,0.0365696585167789,0.00795082807828605,-0.048003663703587,0.00333233694911084,-0.00581374569732976,0.0491290529687903,"Top_2000"
"F839_mz138.0763_rt0.71",-0.00201076704807509,-0.0191764121533679,0.0490349667560964,0.00881762001415456,0.0106986549825982,0.0292115299307623,0.00044102702489109,0.0240365987352044,0.00918313905154897,-0.00588772556209274,0.012638680051275,0.00957149299401482,0.00894735542025436,0.0120699937391995,0.0316843907083234,-0.0207224096855452,-0.0197576519659994,0.0472630880017805,-0.0144977418963775,0.0161587405024609,0.0117879310558542,0.000942257641615299,-0.000608620281527259,-0.0114559966733474,0.0490349667560964,"Top_2000"
"F1552_mz188.0381_rt0.95",-0.00978738813495655,0.0046245059383807,0.0488966325938596,0.0380336021006647,-0.01258683053298,0.0258979049314403,-0.00977957869972419,-0.0234035483609477,0.0440197785695581,0.0216410819509285,0.0174259823675707,0.000357083617764887,0.0352578914658097,-0.0217584937660658,-0.0217615392389534,0.00563991859015543,-0.0480597586077738,0.0196483818526533,0.00221318613299092,-0.00265906034824447,-0.00723518347496348,0.0185667215626126,-0.0394398051124184,-0.00501473318201591,0.0488966325938596,"Top_2000"
"F2799_mz279.0771_rt1.16",-0.00249520938188356,-0.0183140689915773,0.048763129679091,0.00872039412848302,0.00019859029223393,0.00754974556127639,0.0538250486107631,0.0129858907768238,0.0161892781659399,-0.00687428971974927,0.0191453211961846,0.0189294418806183,0.0201936259111078,0.00153631437563591,0.0488626257040606,-0.00331239176962508,-0.0256850385710446,0.00693194907394333,-0.00213848254078838,-0.00979728490372919,0.0350376935491491,-0.0102072750238519,0.0449517120222268,0.03929035071973,0.048763129679091,"Top_2000"
"F2350_mz245.181_rt0.44",-0.00242975739405908,0.00384045973361905,0.0486752083540119,-0.0417184576209753,0.0175766936535365,0.0276819640363876,0.0347580596207463,-0.0448236208355395,0.0224130437698658,-0.032077187130828,0.0288134523848672,-0.0172639451754671,0.02240057592084,-0.056316092513609,0.0191233966208073,0.00600379023367776,-0.020885116857118,-0.0279742100987376,-0.0320219683856392,0.0309838430173909,0.0266913477357745,-0.00393979140300618,-0.00214111178953102,-0.0621014466373973,0.0486752083540119,"Top_2000"
"F2257_mz238.1443_rt1.83",-0.00906009398361642,-0.0181430565065275,0.0486314984671617,0.0181534647475235,0.00184381666462075,0.0141169161910468,0.0252336546002467,-0.0221580524575016,-0.00608553463681712,0.00822981061488182,-0.000296665708540914,0.00862925123643498,0.00384236910582381,0.00338291230698241,-0.00427903372499886,0.00724859542752152,-0.0061733526429476,0.00641789347507869,0.00435031436287952,0.001527422043107,0.00123455299802632,-0.00366501430178653,-0.00444588176910635,-0.00954707819921342,0.0486314984671617,"Top_2000"
"F1939_mz215.0377_rt1.17",-0.00929476966506117,-0.0179025486800724,0.0484449938494256,0.0205707075649119,-0.00127658471843033,0.00575399920840997,0.0281318385753035,-0.00277352167806602,-0.00719571551608783,0.00551700214462944,-0.00872901834734332,0.0193623538377721,0.0161581243590788,0.00128583212377626,0.0164368952823149,0.0024547333336004,-0.0163562436566872,0.0081778301157588,0.00473244706229445,-0.00129162924328273,0.000408778954697957,-0.00105671120466377,-0.00484569464537324,0.00275405281940188,0.0484449938494256,"Top_2000"
"F2486_mz256.1184_rt1.08",-0.00420981244492155,-0.00669924965259221,0.070450946116864,0.0127775065192564,0.0232470969615477,-0.0133127613259543,0.0131447988908618,0.0150908228592023,-0.000890702474719698,0.00739922583390613,-0.00216041717964199,0.00858042649416803,0.00451043918545436,-0.00158501300407498,0.00347249026462472,-0.0147624911239519,0.000975259443579742,-0.0103431855583435,0.0037117297280992,0.0033749263656734,0.00178070135608457,-0.0547465357494706,0.030333394565482,0.00906078442040401,0.070450946116864,"Top_1000"
"F3213_mz309.0873_rt1.33",8.4962396390972e-06,-0.00124170292262596,0.0702800851691299,-0.0229790242033865,-0.0228555909975433,-0.02647644046047,-0.0165479460698609,0.00482144515860736,0.00293653731503615,0.0105349976269335,0.0132489909115252,-0.0028614712201873,-0.0101084441283162,0.00660309486518491,0.00500882475501942,-0.00956601299382962,0.00717986419301931,-0.0153850393367895,0.00467971460376832,-0.00358973427904686,0.00153752986980329,-0.00324067853169358,0.00691562287096063,-0.0122563093528017,0.0702800851691299,"Top_1000"
"F3428_mz328.1397_rt0.94",0.00803630826379462,0.000141640926623326,0.0702362548466035,-0.00509146431269802,0.00772086590081383,-0.0194433691107166,-0.0274811593975066,0.0222779937835865,0.013241606262629,-0.00101982123946105,-0.0037577862883542,-0.0122656326420253,-0.0198279520442771,-0.00658138987503911,0.0248530841280816,-0.00530069867422518,0.0212970684197394,-0.0085282543810227,0.00107566781766409,-0.00435592632191116,0.00610071781063971,-0.00233463180068423,0.00636054504962258,0.0258056772676996,0.0702362548466035,"Top_1000"
"F2102_mz226.1081_rt1.19",-0.00227904145678587,-0.0039278113000676,0.0699401203845804,-0.00189918043973729,0.0218952836807592,-0.00881188707672322,0.00907227015394732,-0.0160815485841079,0.00510570441129149,0.00959555653502823,0.0119180915565766,-0.0440092954007689,-0.0334878504602059,0.0358257052970686,0.0411116898688465,0.0211550530066093,0.0361351282041535,0.0155172349831306,-0.0122088093608928,0.0259400128925066,0.0502439299721406,0.021107519930959,0.0210334233270968,0.0192386475201321,0.0699401203845804,"Top_1000"
"F3222_mz310.1192_rt1.07",-0.00867101644819667,-0.00710805280939314,0.0696984093814229,0.00469208589724328,0.0103810766621054,-0.00131347247136167,-0.0134571567883179,0.00247068314851666,0.0200310161903756,0.0208443579346016,0.00882920994456879,-0.0221070570527069,-0.0196009988491725,-0.0268174116396241,0.00138494096439796,0.00744783039681448,-0.0105668809344199,0.0388137478160126,-0.0406220113005327,0.0222910757980436,0.00326501946078197,-0.0128995528225319,0.00442655544778172,-0.00955131445359048,0.0696984093814229,"Top_1000"
"F2251_mz238.0715_rt0.75",-0.00972024007744551,-0.00597605272980456,0.0693730971890652,-0.0122745045935711,-0.0154437561407335,-0.0164629860299348,0.0105064148504954,-0.0191780304985695,0.00906137679429842,-0.00120525186293687,0.00376140432726891,-0.0147573243080769,0.00964217887883228,0.000470764728814845,-0.00497061148715883,-0.0304920693831414,-0.0167358921445236,-0.0365842002075321,0.00144378593179126,-0.00999048882219848,0.00158321609482824,-0.00273202612332423,0.00940327225183988,0.00794910876057924,0.0693730971890652,"Top_1000"
"F2707_mz273.1814_rt1.18",0.00577298768154368,-0.00073218833853932,0.0691414810171355,0.00246042509972154,0.0364772979791366,0.038143882415839,-0.0019380871559234,0.000272349741687446,-0.002677219657321,-0.00727974002452359,0.00750590164402541,-0.00916950997226379,-0.0217448480040399,-0.000237419821861301,0.02214246827183,-0.0016269184082765,0.0229508371151383,-0.00112813207365797,0.00177664584129933,0.0191429496804476,-0.0153057035801048,0.00345140139487397,0.00774736428653587,0.00148925907749657,0.0691414810171355,"Top_1000"
"F2253_mz238.1079_rt1.08",-0.00974262330296764,0.00100943203788372,0.0687462717736416,0.0303029773981791,0.00634979746216584,-0.00960822556037323,0.0201743997516241,0.00363418864373752,0.00897364226573468,0.00381616611602325,-0.0138213153288533,0.0040446989368557,-0.010718480321715,0.00312802527959664,-0.0163773138357995,-0.0429126300281626,0.0147760204325775,0.0150620412137236,-0.00630260534827107,0.0054817078952141,0.00634959808410412,-0.00549175235347083,0.0135464926478891,0.00175844415593817,0.0687462717736416,"Top_1000"
"F728_mz130.1229_rt1.24",-0.0129224850863182,-0.00138782590507149,0.0680731873079984,0.00976713801436124,0.0283385596162707,0.00502048466555025,0.0147770479661598,0.0105428331482556,-0.00838392442348661,0.0189508570163377,0.0155533200997889,-0.0335857785634737,-0.00469859574770584,0.0235360335490515,0.0125158754299838,-0.00452196452872791,0.0151326396291143,0.00315103133356481,-0.0125021806692538,0.00942156539588714,0.00599360622495777,0.0106619747801177,-0.026713477929034,0.0154862781774134,0.0680731873079984,"Top_1000"
"F2572_mz262.1291_rt0.5",-0.00297807638428397,-0.00403122185694576,0.0678402128929479,-0.0309298015033764,-0.0248420051999535,0.00596899294551355,0.0251670411356653,-0.0215762382855135,0.0498448418227273,-0.00590301333548082,-0.0239521941028747,-0.0414615832024027,0.0456544287945962,-0.0138481622019538,-0.0124276393487797,0.022887673455811,-0.0211342359036728,-0.00249145100454964,-0.0365434242865055,0.0149482162693448,-0.00028864651982422,-0.0053136233935475,0.00957002313769834,-0.00308652227254008,0.0678402128929479,"Top_1000"
"F4087_mz394.1657_rt1.5",-0.0118503700167742,-0.00703915243243715,0.0678312782079372,-0.019428221928774,-0.0264137632038208,-0.0197767684900209,0.00973275254611097,-0.0246265036608405,0.00871184105811605,0.00158383678559538,0.00121060777857405,-0.0127282610822033,0.015271956614491,-0.00480396240102091,-0.00692171763145561,-0.000856537894999603,-0.0095270550750125,-0.00915895095361569,-0.00108130662722712,-0.00103610119757352,-0.00199920586229007,-0.00212195529156555,0.00974769916729236,0.0266867810069007,0.0678312782079372,"Top_1000"
"F2779_mz277.148_rt0.89",-0.0130630515279367,0.00495580224298781,0.0678213089818726,-0.0142042607410043,-0.0285906091120279,0.00233400512678393,-0.0160341519047938,0.0164801543024922,0.0176905394150204,0.00042335069606722,0.000372694895243515,-0.0233715616010972,0.011485593936147,-0.0126305579055893,-0.000788960619428102,-0.0148376673292437,-0.0221439603687741,0.00193943625618539,-0.000417843779419714,-0.0037477448608618,0.00233762132288041,-0.00523594732428401,0.011487034265466,0.0354045295684172,0.0678213089818726,"Top_1000"
"F2571_mz262.1289_rt0.68",-0.00948113261904414,0.00273042779090745,0.0676409976009018,-0.0279911387185908,-0.0388248906707522,0.0141627900355493,-0.00327105357704578,0.00913069544224657,0.0136912979570285,0.00548182229243359,0.000580812296072086,-0.0111068226853172,0.0187665971301433,-0.0150795515757614,-0.00629901174632787,0.0186126630109943,-0.0101088198054389,0.0266320939912185,-0.0045231699340242,0.00520222999553838,-0.000650739212483147,-0.00243040706698915,0.0122458739142686,0.0153202101754106,0.0676409976009018,"Top_1000"
"F3244_mz312.1114_rt0.75",-0.00715843260471025,-0.00447063162051359,0.0675599606034685,-0.0330344701623058,-0.0369942446303279,0.0169439512577202,0.00746278074306036,0.00907362241172448,0.0238867908285785,-0.00514446612054501,-4.44752460200226e-05,-0.0205157438011923,0.0252053647340168,-0.00462902232097555,-0.00789520294660201,-0.0155160070725314,-0.0208577730444848,-0.0195594818717375,-0.00363789101783556,-0.0139564805600076,0.00589528957812744,-0.00248855966609436,0.0111976745019919,-0.018629627098614,0.0675599606034685,"Top_1000"
"F2588_mz264.1084_rt0.47",-0.0116238869451271,0.00183542502380292,0.067181958886021,-0.0113352659380034,-0.02002115602629,-0.00593340882204907,-0.0237774207139579,-0.0194517010634393,0.0387610214282847,-0.00352573569257342,0.00255557962985848,-0.0107414969640895,-0.00034865078618301,-0.0588740215992497,-0.0200485501152014,0.0648606158496281,0.0183615561807173,0.052176549256646,-0.00937838755266062,0.00583390340966213,0.00644090087289259,-0.00331867891938878,0.0085477851163773,-0.00472406583649181,0.067181958886021,"Top_1000"
"F3429_mz328.1399_rt1.1",-0.00479184779398347,0.00348508095597328,0.0671518643224095,-0.0313645434944262,-0.0250233461944006,0.00295096185047189,0.0101401409192391,-0.0113269200227472,0.0395605658692257,-0.0133180023631189,-0.00893694606886776,0.0534742923197263,0.0108998059784343,-0.0798870687277945,0.00505398646442303,0.0336451670509872,0.0169868694052294,0.0118886322382889,-0.00342444949256915,0.00932086863730903,0.00752229261377087,-0.0596735348392375,0.0305665553365403,0.00719696709316229,0.0671518643224095,"Top_1000"
"F3639_mz347.1245_rt1.03",-0.00967551069115404,-0.00591107378131189,0.0670612604266054,-0.0227812215958479,-0.0117144685815754,-0.0177439922709792,0.0122155193073419,0.0121741564863246,0.0294950266160365,-0.0175121729596917,-0.00398230932818017,0.0368901383319762,-0.0319246921892782,-0.0790492117163122,0.0470337248244,-0.0109344309224444,0.0221370504910725,-0.000751993310644868,-0.00457272140037684,-0.0051259617212439,0.00955405907411591,0.00146137949593764,0.00535233541049064,-0.0183276706088028,0.0670612604266054,"Top_1000"
"F3965_mz379.2082_rt0.92",-0.0144068827339779,-0.00617304951278013,0.0670611769922601,-0.00412962516277853,-0.00790419895144544,-0.00139596249431556,0.00371770982597017,0.0304535041773633,0.0522335539739636,0.00070220690936231,-0.000700878210706169,-0.0241336565980872,0.027568834316308,-0.0201831927561906,0.00870291953045685,0.0180858175777998,-0.0128516969371665,0.0454743484421895,-0.0077568974757829,0.0148906740253342,-0.0044912833163006,-0.00345349621873095,0.0161574998602416,-0.0158186876656861,0.0670611769922601,"Top_1000"
"F3541_mz337.172_rt0.44",-0.0140800788167943,-0.00418587625028648,0.0669837683668922,-0.0162664556295002,-0.0291998623591083,0.00210173997547395,-0.0234146781111425,0.020990499922977,0.000104277461612357,0.00266103029684741,0.00616941365442444,-0.0173298770157522,-0.00154417722716643,-0.00549972856664973,0.0016182248236847,-0.0415967143779096,-0.0262671872587001,-0.0190841279219908,0.00566187432399162,-0.00712404513004429,0.000839885143902426,-0.0061036184402749,0.00872903314662311,0.0276602222958876,0.0669837683668922,"Top_1000"
"F3598_mz344.1345_rt0.82",-0.00819890456340927,0.0004351482173314,0.0669015374512483,-0.0349371536414819,-0.045734168070175,0.0101099626954134,0.00493655223182429,0.0161676341453366,-0.00178925910009607,0.00391551650787192,0.00104260980549587,-0.00789682744371004,0.0105244935300347,-0.0035077874564621,-0.00949798286300796,-0.018664746380431,-0.0153290673787329,-0.0222466088649286,-0.000784408928298155,-0.0160654364910626,0.00824835442230424,-0.0029616858211565,0.0094310974457417,-0.0205667446852233,0.0669015374512483,"Top_1000"
"F3590_mz343.0262_rt0.41",0.0154239636103406,-0.040700450946798,0.0947965286864676,0.0265088104811671,0.0456911800160787,-0.0190876320692568,0.0245585677555736,0.00339258443483571,0.0381601355192936,-0.0850285046670492,0.00803330119575633,0.00444827230516859,-0.0286433059976124,-0.0295845069609948,0.0481151351411582,-0.0419854039539604,-0.0176995253908813,-0.000901283811917504,0.00712527601860828,-0.00342228988502185,-0.00299193662610394,-0.00818136757692664,0.01010993417124,0.0152681853831153,0.0947965286864676,"Top_500"
"F3721_mz354.0791_rt0.96",0.0077974581190043,-0.0472384260078576,0.094294610630975,-0.0182250600370744,0.0041716082752879,-0.036098263647871,-0.0227652655631859,-0.0330619176224553,0.0294097626180594,-0.02952181872476,0.0117202855138602,0.0444829969178746,0.0229244430110276,0.000571093970234325,-0.0290580020420897,-0.0627677904239849,-0.108505437920943,0.0282489545586598,0.00316481882435225,0.00367719406871084,0.000258542501389135,-0.00459010507870296,0.0204252343220466,0.0493903786757675,0.094294610630975,"Top_500"
"F5035_mz707.2215_rt0.53",0.0218327640751716,-0.0366804212416356,0.0941069395708129,0.0137418007744904,0.0337248305758054,-0.0262531342965554,0.0239332877056283,-0.012836042748075,0.0235325478176052,-0.107776962678909,0.0138293612091315,0.0307854476114532,-0.040302821125587,-0.052488816773609,0.0180406436844017,0.00705302810885192,0.0236965455910229,0.0165390869428498,0.00994850865484099,0.00271038024560439,0.00646378544444009,-0.00520224903262507,0.0112533558450041,-0.064238885855247,0.0941069395708129,"Top_500"
"F2784_mz277.2166_rt1.44",0.0176324902108536,-0.0368787650292599,0.0937489116833166,0.0386267186204902,-0.0499887247101405,-0.0420651287045082,-0.0309446368108927,-0.0137397846658432,-0.0452573890233925,0.0185960873517422,0.0229994047164219,0.0295028542954697,-0.00687701083156467,0.026840532502373,-0.0291083049284113,0.0154393844966145,0.0408232860001283,0.0103175311689431,-0.0272656029813654,0.119865508006547,0.0631147594061731,0.0160343921357759,-0.0254660211218517,-0.0201737701340357,0.0937489116833166,"Top_500"
"F2633_mz268.1046_rt1.06",0.0322842459561409,-0.0228576294765603,0.0935413331175253,0.0350437078123276,-0.0144413313852872,-0.0212933127537711,-0.00276742550432586,-0.00147503479978446,-0.022383820782597,0.00673340424979333,0.0198983482832084,-0.0320918321332813,-0.00973376444795835,0.0480288682733467,-0.0304949383935484,-0.00469975971891479,-0.000550817817087873,-0.0342437257696778,0.0457174061825954,0.0297902413410335,-0.013344964581614,0.0574687677619427,0.190708492428179,-0.0199959961345808,0.0935413331175253,"Top_500"
"F1441_mz180.0869_rt0.69",0.0167079624523298,-0.0345190336327976,0.0934573115145063,0.00432049287597037,-0.0358628915465273,-0.035450958527487,-0.00897939482149456,0.0239518742957192,-0.0693149739804316,0.0795194758886174,0.056907756791607,-0.0356365789575649,-0.0738676799159504,0.0861977845967719,-0.0990949895431966,-0.0025317532392022,0.00522700682116791,0.00664140106733002,-0.0589782202491031,-0.0332231095690049,0.139281745023919,0.0605909413619257,-0.00871255046483764,-0.13358636130371,0.0934573115145063,"Top_500"
"F2812_mz280.0922_rt0.45",0.0149425345000659,-0.037452501111908,0.0927589697959303,0.0575561441980443,-0.0387735444507085,-0.000899776934699722,0.0362392432608337,0.0408603891322443,-0.0321402080371402,0.0639955209037529,-0.00726558679068007,0.0707770136408173,-0.0109110512804216,0.00418290030672555,-0.0506157308412587,-0.0161003745629262,0.0116727759535277,-0.000548499330003779,-0.0365495059066366,0.102054205887855,-0.0364378170536686,-0.0159381131531977,-0.0189154649239685,-0.0957039114225756,0.0927589697959303,"Top_500"
"F1474_mz182.0274_rt1.18",0.0257747422760401,-0.0363965651193857,0.0914279029565425,0.0347017729758301,0.0234944537388002,-0.0100379282892743,-0.00125056180478573,-0.0195900222519777,0.0334605844241674,-0.0476233460785029,0.0112165781731018,-0.0757556898817875,0.0244191815321046,0.0176142198679454,0.0211006468064426,-0.0360189717068889,-0.0281831023308774,-0.0193437009456709,-0.0488511629455282,0.038200004186986,-0.0479525705708505,0.0978385841463015,0.107455547278467,0.000937045370769888,0.0914279029565425,"Top_500"
"F4133_mz400.2699_rt1.26",-0.0081930045042311,0.0487181705395338,-0.0911317786640819,-0.012917024586212,0.0209673042366598,0.0209256396880843,-0.0121220731588665,0.0969168158479966,-0.0583780487315228,-0.0301365034882863,-0.0446301082870761,0.0264938408327644,-0.00020357927302382,-0.0208941482347547,-0.0516833044546997,-0.0164098532065402,-0.0283025275906541,0.0580084574842698,0.00629622330649251,0.0174541637156522,-0.0336674255195927,0.115053572382757,-0.00251485970961801,-0.00480771900338068,0.0911317786640819,"Top_500"
"F1616_mz192.9989_rt0.43",0.0264383119479693,-0.0226562765565118,0.0909758827529615,0.0696867194448003,-0.0113252495594476,-0.0215431763437497,0.0124344775432353,-0.0126931043507987,0.0338399144209042,-0.0479307614599037,0.0276088277625294,-0.0929124956997795,0.00348204618280223,0.0139174436835126,-0.00331788666645847,0.00443457747451367,-0.0150818331770345,-0.00885834336321522,-0.075362929230785,0.128499424435264,-0.102771565153138,-0.0568883475812519,0.00853135619893085,0.0138633847460601,0.0909758827529615,"Top_500"
"F3027_mz295.2272_rt1.44",0.0179781801530224,-0.0385493562808638,0.0908420532398932,0.0312669344303301,-0.0657247291329183,-0.0440757367632573,-0.0584434352418902,-0.0203209374356472,-0.0388667300371568,0.0128032833821349,-0.014698525660822,0.00109081858722753,0.00283586594119375,0.0294407824931414,-0.00472694770262434,0.0179769311467665,0.0143293241097198,0.0363105999602366,0.0701159906848108,0.0614891164546947,-0.00802440964312802,-0.0362859020839955,-0.111302937247021,0.10193917230343,0.0908420532398932,"Top_500"
"F1400_mz177.0249_rt0.43",0.0237901155043239,-0.0304597825211233,0.090309369958632,0.0720379863933193,0.00860393408946055,-0.0193971515415239,0.0365599962882918,-0.0188581810440609,-0.0296112484552932,0.00902126887143213,-0.0221536902991916,0.0873206125611454,-0.0440404279809414,0.0179541938372338,0.0108317248159904,-0.0519949673076139,0.0352115957014342,0.0190741602703502,-0.011727202362297,0.0692253013133916,-0.0152022737699588,-0.0191328790289465,-0.011079808229003,0.00336830650288858,0.090309369958632,"Top_500"
"F3168_mz305.0571_rt0.41",0.000449784616030796,-0.0558229841981001,0.0891922846850392,0.000232128238022808,0.0471092557893854,-0.0101955629700351,-0.00950759436241005,-0.00198155643514726,-0.0317652138087504,0.0308798676248022,0.00250638714958799,-0.000700539225429004,0.0277648032974054,-0.00296708363094721,0.0157474673010203,0.0287755258360557,-0.0600628025075676,0.013009809924764,-0.0162514956965668,0.00307481878778609,0.00412312023843501,-0.00100074542215955,0.0128869489212958,0.010304163966854,0.0891922846850392,"Top_500"
"F4744_mz551.1962_rt0.88",0.018691698475314,-0.0410306637733719,0.0890252550844053,-0.0408263191012485,0.0428899786053725,0.078188159503756,-0.0325542309820346,0.0390271218275854,-0.00690825223449604,0.00705370091148805,-0.0221672279625065,-0.0100934556523898,-0.00991776427858697,-0.00463653223553129,0.0321185492097364,-0.00461429128970424,-0.0099123109316556,-0.0163349694027414,-0.0229840680848778,-0.0172421875490756,0.0301442557247654,-0.00486058174415673,0.0792037059850428,-0.00361315168746126,0.0890252550844053,"Top_500"
"F1919_mz213.1488_rt1.44",0.00766263259129463,-0.0516021368746654,0.0887970834206854,0.0167468221070727,-0.0535909993737616,-0.0382730545837822,-0.0511744585417401,-0.00451254955078036,-0.0295234271063919,-0.0039063053758946,0.0146348749654389,-0.012572767355696,0.0176939192970061,0.0140251787582827,-0.0297737585520496,0.0514655716193532,0.0230382313941687,0.0281676444038058,-0.017123181658822,0.00499464196861052,-0.0124994437747279,0.0948317195265161,0.0360676383504602,-0.0973249086920162,0.0887970834206854,"Top_500"
"F3657_mz348.2749_rt1.44",0.030551752224588,-0.0174598825994981,0.0883341675840807,0.0598108865289813,-0.0658777671941604,-0.0392451154739907,-0.0375748634908799,-0.0215116112330402,-0.0267616713246335,0.0139127854343153,-0.0137543901809796,-0.0206249479726268,-0.00256799900141074,0.0552547099065714,0.000468675884482817,-0.0230294109259505,0.0154712558365515,0.00495620800829825,-0.0224957975085615,0.0862247816179982,-0.00139634743369858,-0.00515040053720856,-0.00965959439987883,-0.00936123473329586,0.0883341675840807,"Top_500"
"F4577_mz487.1796_rt0.66",0.00937057140171479,-0.0509111052519369,0.0877677165775778,-0.0115718223506344,0.0617422487630985,0.0718818400123599,-0.00268832177252605,0.0141012711726527,-0.00158232028771024,0.00317904185438654,-0.00628496001980306,-0.00289058730206807,0.010218280884864,0.00835281840724338,0.00751854384191624,-0.0192023360881912,-0.0130311415410883,0.00213659216516474,0.00302970325154229,-0.00708486947450891,0.00277632763482224,-0.00312162990418213,-0.00171529588115949,-0.0363361903667429,0.0877677165775778,"Top_500"
"F1024_mz149.1326_rt1.44",0.0161161497948674,-0.0383090221909802,0.0872233644816166,0.0279955228772582,-0.0457496294328526,-0.0509018641449673,-0.0538665191292084,-0.0327064361282394,-0.0324877973097491,0.0503701062893974,-0.0202722001257584,-0.0674456640541669,-0.00370065890037164,0.126020204470902,-0.0130240935877589,-0.0242289777885364,-0.0061897833425921,0.00629980845703904,0.161347157519746,-0.140936445667581,-0.0229416315479885,0.0882179103718354,-0.0685692718132576,-0.0136535913056884,0.0872233644816166,"Top_500"
"F1666_mz195.1382_rt1.44",0.00418966102566185,-0.0539758837335289,0.0865447711013548,0.0092002696779219,-0.0496038966580058,-0.0407916871283077,-0.0677241877467671,-0.0044561799629084,-0.0254309145654469,-0.00595162582665267,0.0144026542244019,-0.0226831799897416,0.039338539375183,0.00687212129650516,-0.0252762544705776,0.0765995498237119,0.00198917038906321,0.0162194673293223,0.00999291248495231,-0.0163266857822655,0.00108265502865342,0.0249276743291484,-0.0899043792226436,-0.00171461891282702,0.0865447711013548,"Top_500"
"F2578_mz263.1032_rt1.06",-0.00271685724289285,0.0861744419790842,-0.0149166300472095,0.0105321466083541,0.0353832414835792,0.0212601425532795,-0.0332070204909028,0.0337095141761705,0.0312568079668954,-0.00227041801704123,-0.014946130321926,-0.0811990982546641,0.0238191815665299,0.0261162962620992,-0.0778870809086875,0.0970375537919293,0.0669911689672635,0.018065602691955,-0.00238933218346213,0.019210598623594,0.0257115769256069,0.0166320719474974,0.00217947138312235,-0.102737084104977,0.0861744419790842,"Top_500"
"F3166_mz304.8961_rt0.41",-0.0427349983670089,-0.0695642772479005,-0.173063772159001,-0.100803253180451,0.047544926615989,-0.0477594767872093,-0.056234380647899,0.0225442890942731,0.0116167924243155,-0.0238882963311478,-0.047929839124392,-0.0405349947340926,0.0484506239457214,0.00983606893429158,0.019383739942947,-0.0607732447053278,-0.0161848612657117,0.0775314126491339,0.0546500854242684,0.00496320576873784,0.00751532677893312,-0.0416856620130297,0.0552923600103345,-0.121768487265875,0.173063772159001,"Top_200"
"F3103_mz301.1627_rt0.42",-0.0365666096572498,-0.0956232293365569,-0.165537384332657,-0.088971138498556,0.0671341177562181,-0.00959978851814805,-0.00192772249946393,0.0034553222122508,-0.0483038539099322,-0.027139417747732,0.0176535028056898,0.00511869646419604,-0.0268744980504554,0.0271783575705844,0.0335883578181474,-0.0200813625495342,0.0256733557632735,-0.0988844333894712,0.0127504360433333,-0.0831508613740877,0.0436567653992434,-0.0347928877647552,0.0791172632520402,0.0759349862113065,0.165537384332657,"Top_200"
"F1919_mz213.1488_rt1.44",0.0338481767069815,-0.162898932277822,0.0122507352197892,-0.00656248415940597,-0.0631198980962304,-0.0592062738490253,-0.108433588846297,-0.00168571060456806,-0.0148224531209028,0.00453988892751519,-0.0199807730833763,-0.0443153035839335,0.0334068464316751,-0.00783512272885143,0.00270897677027764,-0.11700620760491,-0.0466552623026461,-0.00374623710905895,-0.0288188278688536,0.141196402343292,-0.00746165318399459,0.0625714544688439,0.0239972785801489,-0.169610714608697,0.162898932277822,"Top_200"
"F1996_mz217.1592_rt1.23",-0.0566532009094321,-0.01161589242724,0.161272347181549,0.00893093916185478,-0.0362736701634827,0.0145251861018092,-0.134303655572232,0.0011633601523061,-0.0382989081134463,-0.0156094422618571,-0.0300704046015593,-0.188680772377162,0.228038754938504,-0.0232186573503412,0.00751534367974396,0.152952199623666,-0.0667780923974473,-0.0187955956311596,-0.112920271072635,-0.00222338368944016,-0.0309192025054445,-0.015572006542323,0.00771065063123159,0.0195403542484397,0.161272347181549,"Top_200"
"F1302_mz170.958_rt0.41",-0.0379209035863633,-0.0954258730218173,-0.15868419221118,-0.0992443946491329,0.0376197580000554,-0.0470530630350434,-0.0153830227385278,0.07159503853587,-0.0427922367297571,-0.0740541739932958,-0.030738587267381,-0.0329976232579004,-6.20129787042017e-05,0.00687384983121506,0.0167765588545326,0.0173844292059045,0.041739121076614,0.024566810974501,0.102526981262963,-0.0519173771946699,0.0680904690543418,-0.0706321752563912,0.0787305051751789,0.0797383370385303,0.15868419221118,"Top_200"
"F2316_mz243.1838_rt0.44",-0.0463365807952513,0.0770522292559476,0.154617779424467,0.0520355162364049,-0.088603285562979,-0.0697322083225067,-0.0609277247095548,-0.0554775764445238,0.0844604651275282,-0.0706075195851752,0.0901639480424252,0.0566160018116777,0.0174741708698373,0.157976877430641,0.0528733150930151,-0.033684030194844,-0.0113405968610846,0.00932432584498637,0.00446147811009966,0.00746869637602294,0.0202176831875748,0.0400290393260247,0.00291174773264271,-0.0897537267471677,0.154617779424467,"Top_200"
"F2517_mz259.0648_rt0.42",0.0399116058367792,-0.0417127518579018,-0.149902898207237,0.105811480308586,-0.138817255107463,0.0254051646275938,0.0169752543730131,0.017067245677664,-0.179848615948624,-0.0113288364678641,-0.0573650051498668,0.115177941911977,0.0449445914745058,-0.0620667952750465,-0.0564636805549947,-0.00110863871978274,-0.0670024161326974,0.117219512540764,-0.324458421040779,-0.0651479624033384,0.227255991729002,-0.0222322913794319,-0.2630450244782,0.147297235837023,0.149902898207237,"Top_200"
"F3027_mz295.2272_rt1.44",0.0393380499499654,-0.149032185036035,0.042551534465119,0.0363802034251998,-0.094234690118794,-0.0582278601581104,-0.122774379731335,0.0234096692644961,0.0221789804411125,0.0467590436595971,0.0166077722338386,-0.0372084625679393,-0.00489626255461721,0.00756755078783948,-0.0150964328255436,-0.0458308162451068,-0.0690314212862106,0.0170610611701294,0.153990698362546,-0.0326564469857271,0.0509620777046341,-0.0532378811428685,-0.134909739085399,0.186800784544525,0.149032185036035,"Top_200"
"F3090_mz300.1447_rt0.89",-0.0402336151019244,0.108153931892232,0.14853353512875,-0.0500418086665873,-0.0482631868029197,-0.00382175176177913,0.0789568364056871,-0.0811260014161126,-0.0863137051649294,0.0340994531322397,-0.0535995728605345,-0.0084557209424087,0.0414523991061463,-0.023021904249021,-0.113068897136311,-0.0240643937600982,0.0559715417878796,0.0123417466425463,-0.00866050761206831,0.00363865456245641,0.0310045266171978,0.00334468428856015,0.0392137477010834,0.0925707271151772,0.14853353512875,"Top_200"
"F2939_mz289.0922_rt0.57",-0.0314745272658217,0.103864071316734,0.147340360090646,-0.0127332788329977,0.0104895277593391,0.0414752102702638,-0.112530493054606,0.034712156426205,-0.0415397888427436,0.0164269010715961,-0.0917581361641123,0.171195798944002,-0.122703347948919,0.00322728160573664,0.0698861129514324,-0.319098910231681,-0.129243482745254,-0.0144893512662202,0.0251560954411862,0.0360559754394348,-0.0335505668433705,-0.0161052527624215,-0.0541212515667033,0.0415543879706223,0.147340360090646,"Top_200"
"F379_mz105.0701_rt1.26",-0.0597410899719707,0.00184192111558898,0.146605942912284,0.0164669091668474,0.14565257076384,0.0833755217359198,0.00292166641055717,-0.0214208242938561,0.0200361826915321,-0.0301162951153784,0.0250786843892452,-0.023205868134135,0.021946439996534,0.0336899183707779,0.000321986508284132,0.070466285441691,-0.0332331668628128,-0.0598310122267925,0.312271436239973,0.04526698023996,0.0347372287389865,-0.0149616147855908,-0.312278951112421,0.00888371748716181,0.146605942912284,"Top_200"
"F3235_mz311.1582_rt1.19",-0.0525835076562963,-0.0446252511938782,0.14591494420593,0.103829631425665,0.117685727379377,-0.0303367385910205,0.0889400774478679,-0.0769485505356264,0.0339653415272864,0.0895882641362924,0.00781414639961034,0.0809459356169999,-0.00413796567790269,0.018180206632759,-0.0611748157402077,-0.0274501650069115,-0.0102370687221075,-0.0141171919897968,-0.0104472741639611,0.0867583170624209,0.110986460434589,0.0810068662331861,-0.234669394427257,0.00688952924313669,0.14591494420593,"Top_200"
"F3055_mz298.0637_rt0.45",0.0297550727100571,-0.145036237044603,-0.0728624953593622,0.0182411217746276,-0.0506348870778352,-0.0878210747631629,0.0995459191787406,-0.195398916349265,0.0669249138388665,-0.0250122972153233,0.0528482266423437,-0.0889869959898236,0.0520875056002683,0.0888778321208434,0.0445583696333278,0.0408034333159242,0.0122563234744137,0.0902721297289022,-0.0191489141948084,0.0155170677623283,-0.00877349579861155,-0.0531131967049726,0.00317915550653692,0.101206082345414,0.145036237044603,"Top_200"
"F4365_mz440.2505_rt1.17",-0.038492345784139,0.144482383031002,0.0598088943001603,-0.0365872693525314,0.0142776528034338,-0.0239081586816643,0.00880251149418986,0.176418579772011,0.0334895533301232,0.0442163316878141,-0.0102604845057306,0.0387961896901414,0.228502867469576,-0.0315336000923604,0.0193867611191652,0.00962876305223545,-0.121983454503793,-0.0288033244147852,0.0145702453337999,-0.000563088302797354,-0.0347352339184653,-0.00138726462219295,-0.00292226039846607,0.00497898746506258,0.144482383031002,"Top_200"
"F71_mz74.0601_rt0.45",0.0486706600056383,-0.143168218239447,0.00344657940610664,0.0229313618867212,0.127236954246048,0.0101867035506221,0.0695698938972021,0.0206520967733183,0.0357601249203121,0.0115676500703755,0.00746449679641957,-0.0567009950956149,-0.00419114976403824,0.0018249776709051,0.00227955921519055,-0.00651254060428746,0.0190255410007478,0.032068244064582,-0.0264769249250303,-0.0137488941668732,-0.00011579892647854,0.0348344324818017,-0.0281339167717259,0.00861443441934626,0.143168218239447,"Top_200"
"F1474_mz182.0274_rt1.18",0.0472357340492949,-0.14216400272023,0.0583160788085218,0.06576795373457,0.030385353019005,0.024002369304719,-0.00867031404168119,0.0564716724765554,-0.0395348980646641,-0.0738852552835993,-0.0378893883216286,-0.0509380043756696,-0.0274019157321936,0.0174297615313384,-0.0385065395427632,0.0597343537026425,0.016295144001936,0.0237865459280217,-0.0896132576258918,0.153368132528989,-0.0973680315560372,-0.048428683689094,0.135927064906274,0.0273727353184736,0.14216400272023,"Top_200"
"F2031_mz220.9355_rt0.41",-0.0451703851025138,-0.0954016171544308,-0.141924497728934,-0.104925652726552,0.0791175350176162,-0.0248426592046214,0.000149395906916691,0.0433813046954076,-0.0201970014694633,-0.00927530297275935,0.0261045775873953,-0.0234669524729408,0.0116961290534978,0.031795375017863,0.0175636728418769,-0.0247280564973035,-0.033838337890592,-0.0583092343518041,0.0198875813073383,-0.00959587103880726,0.106870023111519,-0.070949468058123,0.0239025067500254,-0.127919318448841,0.141924497728934,"Top_200"
"F1050_mz152.0569_rt0.64",0.045295381906246,-0.141801094487572,0.013622064552866,-0.0652518826309442,0.115623783022472,-0.0581351511669698,-0.00138789416223192,0.0105860684731531,-0.021472322922123,0.00343432619886009,0.000371690264600682,0.0263571296167975,0.0446031471939502,0.0201039260986095,-0.0208738692624732,-0.0347381492798708,0.0037206037716431,0.0502822277117111,-0.0248917237676313,-0.060562595951202,0.166998879607436,0.30905664763558,0.0320630297336211,0.168282597538759,0.141801094487572,"Top_200"
"F3420_mz327.0523_rt0.42",0.0373648315095864,-0.141507288707722,-0.0352515003112495,0.0928802202483532,-0.00215749112142191,-0.00622060782587863,0.0138256937078395,-0.0128470024999717,-0.220210033757154,-0.0695981000867393,-0.134460023803225,0.0763136369380779,0.0664899948938286,-0.00155405084471994,-0.0988046452322489,-0.014881306378833,-0.0105372351435141,0.00821875830788506,0.055827621102562,-0.0151414475145972,-0.00351851346330987,-0.000102314092245606,0.080439641288399,-0.0137696093783076,0.141507288707722,"Top_200"
"F4538_mz475.1779_rt0.47",0.0503286301973273,-0.140213395820602,0.0399427114713564,0.0689111653712702,0.0486322010867283,0.00908912057928306,0.0804739120880232,-0.00849421264494669,-0.0793887097116814,-0.0705714215286485,-0.0235187155731942,0.00495106420673865,0.0149366038706458,-0.0555305921950332,-0.0137000809693927,0.0184612245415816,0.0703122006796803,0.0253230971849727,0.015035004906214,-0.0193722384304864,0.0284468722455325,-0.0238693141798176,0.00816297702955623,0.133461009248831,0.140213395820602,"Top_200"
"F1996_mz217.1592_rt1.23",-0.0737100116954529,0.0136358843316394,-0.263910885379767,-0.0256122165650043,-0.0660443768878064,0.0257172495033437,-0.150399878482671,-0.0930380095140033,-0.0050327068245688,-0.0509933763732751,0.255475176987759,0.154399166754718,-0.296596854610064,0.00861716462004265,-0.208887899735093,0.0925679122212224,-0.0766652950740954,0.0273261475690212,-0.158273580736121,0.0460970335741688,-0.0144325338094729,0.0262936306883333,-0.0508950448650706,-0.104562221309869,0.263910885379767,"Top_100"
"F71_mz74.0601_rt0.45",0.0676226705895946,-0.245830500799433,-0.0628767058771336,-0.0263942169727229,0.155130601896826,-0.0561616255203048,0.094974453765761,0.0128545138023083,-0.00060496771288714,-0.00367530764175044,-0.0573580789870532,0.049399948994635,-0.0505050152669497,0.0273112302319364,-0.0553825630763944,0.152412338454946,0.0508489701934003,-0.0375939679276335,0.0229156501266601,-0.00291095867094999,0.0300303334514937,-0.0914726283120113,0.0334339251083206,-0.0355941377640443,0.245830500799433,"Top_100"
"F1048_mz152.0568_rt0.48",0.0658240395108237,-0.244127669357193,0.0718344093185769,-0.12969268659341,0.0793100340036313,-0.0540210736502325,0.0426047031921292,0.09199513154915,0.04739290789758,-0.043156936141422,-0.0111588885445134,-0.0421546208728707,-0.0330579815391436,0.131735166542372,0.0794104595429449,0.051095272615442,0.0890690366537438,0.0586055256979746,0.0437817200780537,-0.0211070553893871,0.031461171828313,0.000152665965570009,0.0333695414647146,0.147954440625831,0.244127669357193,"Top_100"
"F3223_mz310.1291_rt0.94",-0.0828577596161699,-0.0517312568518175,-0.233837875590852,-0.0989716235330582,-0.113300850742949,-0.0154342412116548,-0.0916765345818525,-0.110376647809916,-0.0800505212444272,0.0478504045239271,-0.095583522129405,0.109045268129673,0.220317539224964,0.0783060490269528,-0.174001115657248,0.0431042871882253,0.0282910920366811,-0.0319483148679611,-0.0620123208429415,-0.0363442927066123,-0.0224092629142785,0.00340064325527641,0.0696141354434901,0.0672985438750232,0.233837875590852,"Top_100"
"F379_mz105.0701_rt1.26",-0.0803305220692578,0.0179396949503471,-0.231830144716806,-0.0401284584555598,0.227991178495654,0.013206623219045,0.02701736934077,0.0374012706301028,-0.0168914223448991,0.0234116906949783,0.0551117887806424,-0.0387895024766664,-0.0350016511281585,0.0825902552728402,-0.139974225857902,-0.0826755745418934,0.114410852005825,0.127171727836028,0.30600860466592,-0.244028149972133,0.315286911107445,-0.00111876821021911,-0.0951184965084963,-0.0954550980939702,0.231830144716806,"Top_100"
"F3090_mz300.1447_rt0.89",-0.0553930552054603,0.222827938241864,-0.183248096664891,-0.0523611695544809,-0.0614371161709192,0.057664576948522,0.069304886151273,0.11344801486992,0.230479291393115,-0.030875879698701,0.0385126850486781,0.0989768034691233,-0.0398637712337248,-0.00292661890320696,0.121862911335447,-0.132246818909597,-0.0291974454761392,-0.1097481765134,0.0376224301794387,-0.0741044870902101,-0.0389252272782961,-0.0654878589475384,0.0430490535824735,-0.130261089600566,0.222827938241864,"Top_100"
"F2323_mz244.095_rt1.18",-0.0950012827399646,0.00787834343952587,-0.221309128832497,0.00682446219103532,-0.0421786924205131,-0.0424002155120791,-0.0385288617002721,0.0581273556663897,0.0510902080342356,0.141108006166485,0.0909658396968192,-0.116244150890155,0.0673881685464514,-0.0697455060643218,0.176133822008586,-0.0713710215751184,-0.0710736617193264,0.0105777600850054,-0.0398969090297005,0.0388145809346658,0.0378095917902175,-0.0777321931172278,-0.0150214857741608,0.0298067750398813,0.221309128832497,"Top_100"
"F2316_mz243.1838_rt0.44",-0.0651073631711285,0.157249702828001,-0.218873814408077,0.102589534124038,-0.136466982261928,-0.0267745815544972,-0.108437403616889,0.127746735329241,-0.123376352146337,0.0291706999860001,-0.0830702280527398,-0.156861898632751,-0.00209061115395158,0.169888365547139,0.0744179984220057,0.0270026242139359,-0.0565080884542413,0.0268070749596717,-0.0356391258138919,-0.102316915280791,0.070029583280374,-0.0985347211053492,0.00538134058327589,0.0769867185390141,0.218873814408077,"Top_100"
"F3262_mz313.2381_rt1.45",0.0685740475224877,-0.2165276066621,-0.092433574962305,0.0268782357908893,-0.167183093434063,-0.0807111860102147,-0.0331030273315854,-0.0393981452590857,-0.208230658195318,0.00146641052924132,0.112925995503754,0.00540072976342541,0.130670025643746,-0.0132745007710285,0.158506048809535,-0.0337344539015176,0.294227326759761,0.084311384118858,0.0245212130238443,-0.199791237013518,-0.199076656696665,0.0198146951781377,0.142156371297397,-0.0229810861217961,0.2165276066621,"Top_100"
"F2693_mz273.076_rt1.17",-0.0739282877020683,0.206767984204197,0.0730306553715708,0.171296092799359,-0.0767939231212959,-0.0491722324298309,0.0230031773393834,0.0935958189109068,-0.0397848575405555,0.00678593702315222,0.0173489844837172,-0.123937906986943,0.0365037700081947,-0.127727336369339,-0.17545018557961,0.231416439321975,-0.00140938182358034,0.155746686998919,-0.120114129798457,-0.0747956305620243,-0.0420850829364343,0.0537183902051462,-0.031414041999456,-0.105200892501128,0.206767984204197,"Top_100"
"F3348_mz319.0188_rt0.42",0.0841139026063197,-0.0829050350630916,0.190654576139228,0.0645961487329053,0.0848207982386857,0.12402811936217,-0.187712332116103,-0.232632740208974,0.212641923904254,0.108742909791394,0.00426591063708202,0.0484228905834381,-0.135858311613781,-0.0020353154890332,-0.0079712282286183,0.108241155573348,-0.0289905686608984,0.081709735408427,0.0584513495553498,-0.0416629245286211,0.0628571959236863,-0.026985658042447,0.092189974704485,0.0188184857784067,0.190654576139228,"Top_100"
"F4980_mz672.4172_rt3.78",0.0861427767257664,-0.11616367623982,-0.178953386370934,0.0998291319417294,0.00708422460664137,-0.171391209793616,-0.0844293111565215,-0.0601397328722238,-0.077586523363126,-0.175061301493187,0.141059467850291,0.013995269625134,-0.0198809068383565,0.0243311667625096,0.0954712030966527,0.0255239860209068,0.0153859652269925,0.0601159575746374,-0.0453299086602621,-0.0445615095078371,0.134045826432879,0.464232279285073,-0.0745148511587815,0.0734625696332979,0.178953386370934,"Top_100"
"F804_mz136.0619_rt0.64",0.0969627213809943,-0.0909961514662097,-0.175552604504518,0.126064471583606,-0.0312267999613384,-0.0290503673842996,0.0360133180237278,0.0373186182833922,-0.0246762566185903,-0.0230245065154685,0.0300746332350475,0.0415837051428466,-0.000152311263609348,0.062638608104784,-0.0632891068003564,-0.0246568715463961,-0.0977624212863403,-0.0236974300700081,-0.0192614453394218,0.0214687571185034,0.00676921509649076,-0.0542545968225541,-0.223878834826608,-0.289826231906038,0.175552604504518,"Top_100"
"F3461_mz331.1297_rt1.01",-0.0903116090364896,0.0546521933462067,-0.174638833608859,0.0496914260858885,-0.01733778062748,0.26977041445028,0.144291601232129,-0.0376782927729018,0.058527556586528,0.115719662749903,-0.183045881673075,-0.101328795452658,0.113105320118505,-0.061969163976014,-0.145337616556737,-0.0713409636234505,0.0171381621330533,-0.000842881999530709,0.0321298394783535,0.108325763890304,-0.069580311490204,0.111196208050364,0.0401142990784138,-0.0013723952429541,0.174638833608859,"Top_100"
"F181_mz86.0602_rt0.45",0.092684940726559,-0.174596477141629,0.0575783629140402,0.123270240016918,-0.0923478518634706,-0.0357147549041386,0.0719100663989174,-0.00974248665800015,-0.0808258966087531,-0.00627960317186103,-0.0155855702704273,0.00319154088841926,-0.0459795312859338,0.0455361497232529,-0.0642982822913655,-0.106633982392743,-0.0560817967076691,-0.0519740380911208,-0.0248398455033078,0.0555826946014235,0.0644256357997596,-0.150014942236292,-0.128671956783499,0.35862526839033,0.174596477141629,"Top_100"
"F3350_mz319.1296_rt0.96",-0.0759145633209564,0.173065877165827,0.0573210889277294,0.218683580168946,0.0424123657610198,0.106715066645872,0.0679678961854903,-0.149946890898271,0.109234645786901,0.00533389301671957,0.00128837962409741,-0.303815108938422,0.104304245638396,0.0906913432176255,-0.0607619283353897,0.0160943004857063,-0.0297172319243427,-0.0447896626046738,0.0196367388061971,0.00647728734563018,-0.0899965767187161,-0.0307792873419077,0.0240235259891637,-0.056034367467932,0.173065877165827,"Top_100"
"F1391_mz176.1188_rt0.97",-0.0748348832767471,0.170624764899007,0.0206011577369129,0.0660083192366292,-0.0490970382579697,0.0214314090008712,0.342476264151567,-0.180621939005117,0.0865645923320627,0.236473111767762,0.339090540669079,0.0899967182748002,0.0145748268577083,0.0289064467381889,0.0782685976307926,-0.0423624588214019,0.204024814061819,-0.0442312392579302,-0.147964335135488,-0.131028570807516,0.0590184729321064,-0.0421180898186665,-0.143498062319734,0.0794154960202841,0.170624764899007,"Top_100"
"F2578_mz263.1032_rt1.06",-0.0694503049735759,0.168408095216712,-0.170319723159074,0.184382958501678,0.0959856902334637,0.106851849945723,-0.0870855571526535,-0.112670260295118,-0.00112397262307144,-0.114805322216417,-0.0185468337983122,0.0211595137213321,0.00229423827286067,-0.0718868971250969,0.142283956937158,-0.0080898843173297,-0.0938109449206451,0.055942592675497,0.0718486214903375,-0.0670155404367253,0.0875342774175128,-0.0537379177269341,-0.0332421334905782,0.260689479505565,0.170319723159074,"Top_100"
"F468_mz112.8959_rt0.44",-0.075931647136788,0.165338623906748,-0.0855644385634262,0.076960695430466,-0.205909115229523,-0.00317596840553167,-0.0965939315857202,0.0868495495146803,0.0308455692781005,-0.157142639510024,-0.273552957880345,0.0745715514460855,-0.296335859450743,-0.107945263745593,0.0183775192836795,-0.0796118550204055,0.225873590503139,-0.19187743102498,-0.00245897449364486,0.18081076137015,0.0974928311750481,0.0142228056310395,0.0117076902238062,0.0319197298084453,0.165338623906748,"Top_100"
"F1045_mz151.9513_rt0.42",0.0922435721197794,-0.12135780290268,-0.162042575395253,0.124395217784005,0.0243308606830077,-0.00898357906113428,0.059995568448032,0.00811620162973573,0.0893813928902495,-0.101759361817054,-0.0330148950548643,-0.0633989713690101,-0.0491628083653347,0.0763405839391543,0.0743605722341147,0.0191000765024478,0.220258263052487,-0.118645141926636,0.0593492532096752,0.181083512012669,0.115619870338061,-0.0264556090278271,-0.000976044769326074,0.00709421572100392,0.162042575395253,"Top_100"
"F379_mz105.0701_rt1.26",-0.105439235056475,0.150355988509846,-0.351700738750887,0.204254572258431,0.000649263847785332,0.197864268357171,-0.0220028513561729,0.0295571060194943,-0.120023671925129,-0.0852768744510316,0.142298411022944,0.00296810059160754,0.149617494033704,0.485328328365111,-0.251817683939064,-0.0367826776298709,-0.401663218720186,0.0443909712431262,0.128964081090096,-0.0307863471654362,-0.0549812607924182,0.0775547487662878,-0.200572073725489,-0.129268342591548,0.351700738750887,"Top_50"
"F181_mz86.0602_rt0.45",0.120387590392872,-0.327501487020409,-0.0073132213689097,-0.1959805169333,0.0714130096151396,-0.00776668645851281,0.127355134382835,-0.0375614749527738,0.0253124858990146,-0.134762037256363,-0.0200867230595529,-0.0744848016380938,-0.138591702012051,0.0319529885936834,-0.0284036491094765,0.063558328240679,-0.0628888187489569,0.0489176455834594,0.106778365515643,-0.0325312965301342,-0.311023451070054,0.16519056585988,-0.193426738636518,0.512300873354835,0.327501487020409,"Top_50"
"F2935_mz288.2902_rt1.87",0.110421614722699,-0.315701651780964,-0.103959596495362,0.0851712230655369,0.29557079998214,-0.162009596529648,-0.0314681487637462,0.0245157358175192,-0.240616774554941,-0.230384173846558,0.145126299274104,0.0159748447831108,0.065719773057706,-0.0403170361718549,-0.113451405502189,-0.1064679366435,0.0733792381501175,-0.480602688878017,-0.341006290867528,0.0130575666553979,0.0805549887636283,-0.154489256880313,0.0369045650673693,-0.0246021947003403,0.315701651780964,"Top_50"
"F2323_mz244.095_rt1.18",-0.124713951491474,0.11598336025488,-0.291973830271318,-0.173871709320733,-0.0539495183483125,-0.156941600305935,-0.148723229619472,-0.073679580186181,-0.194472092197065,0.226112690012043,-0.156834182875551,-0.111583409898053,0.107315091539071,-0.106335755577498,-0.0258025446751801,-0.0891139216183256,-0.101158600185329,0.0455702657292056,-0.206794466665662,-0.334184868904009,0.0332069072240892,-0.0571688884769054,-0.0402257704358976,0.270644390256579,0.291973830271318,"Top_50"
"F3172_mz305.1348_rt0.66",-0.114870898825937,0.288953184095494,-0.0118460885128869,-0.230691658739365,-0.204207113343401,-0.237117106661181,-0.111498557967262,0.0702616334467197,0.396227021685384,-0.198746167283315,-0.0992671699514541,0.0730988191268679,0.0446072848244149,-0.0147077346120416,0.221497505882914,-0.0644401536590153,-0.138906037267472,-0.342309870340888,0.152563605111976,-0.052158384122407,0.0112121995441177,-0.0934303443280573,-0.00330768103261639,-0.00188621888939713,0.288953184095494,"Top_50"
"F2350_mz245.181_rt0.44",-0.120291012681072,0.277150986101505,-0.0169306072979177,-0.287533381427301,-0.036786918770474,0.144202898654026,-0.0303903641415272,0.137884814118793,-0.279515864681415,-0.154573161816285,-0.286709438955584,0.0759010874966578,-0.272820525170547,0.027090830558427,-0.232670407623569,0.00611851385349357,-0.0627887358033731,0.102519336669095,-0.380393419305912,0.10043809825924,-0.122724471144642,-0.0381345667416072,0.0259440487814221,-0.0127937146617395,0.277150986101505,"Top_50"
"F2053_mz222.1129_rt1.18",-0.138691930480986,-0.0452259647584563,-0.256042247310891,0.0574809659193586,-0.121754776975347,0.115129713653143,-0.105024284627027,-0.0439625650178874,0.179132166717622,0.047422126302537,0.0585509111153129,-0.110656159796425,-0.0626346435980445,-0.0976498682598932,-0.0997201906826513,0.14835287194034,0.129090275162143,-0.227382976133602,-0.0871484476013795,0.0361576320329572,-0.118541212307223,0.150099712618017,0.100455741844848,0.329829099777422,0.256042247310891,"Top_50"
"F4410_mz448.1673_rt0.53",0.121495524068751,-0.151744617920176,-0.247432055612724,0.0594356269500658,-0.235312589050734,0.187162228143365,-0.341675136811083,0.0308190919606424,0.00903885464257503,0.088719686504384,0.154768700084654,0.0136513872282268,-0.4498102313939,-0.0372345583285593,0.16365376361679,0.330336932062834,-0.173616346537882,-0.221244007970512,-0.11242164648549,-0.0115193531832705,0.112772355654711,0.0179197991597701,0.0693002488732597,-0.200438793326675,0.247432055612724,"Top_50"
"F1003_mz148.0396_rt1.21",-0.135685327774043,-0.0478462572382367,-0.245542474096896,0.0845116676451553,0.159408050045371,-0.0230422794028328,-0.160382140478315,-0.142169274478354,-0.210339323792637,-0.0634800791706093,-0.316257862145111,0.0439017637037872,-0.13238782242181,-0.231942856392438,0.0168516020707844,0.119881202408906,0.125250548168904,0.120709320470833,0.317077977946385,0.104261086394383,-0.0108670830504821,0.148635948140327,-0.131307748302884,-0.0623589040335002,0.245542474096896,"Top_50"
"F3348_mz319.0188_rt0.42",0.110016034214029,-0.243745829903303,0.199657199981155,0.303868776616153,0.112537638153038,-0.0340569541602731,-0.418344788152644,0.219690324440253,0.0248886054163482,-0.0327793190794952,-0.107619136468368,0.0566943568585805,-0.0233133007573751,-0.0727971954785828,0.122965051960901,0.0338888385776508,-0.254370320492208,0.233758494979367,0.0595359125727683,-0.156336251628526,-0.0515185074268653,-0.291875090934766,-0.0465623682641109,0.131998931454511,0.243745829903303,"Top_50"
"F1700_mz198.0976_rt0.69",0.129111511606912,-0.168782069999803,-0.240787298256425,-0.174094726295091,0.0875198246470869,0.0774335911963291,0.17242957266392,-0.0986043953222369,0.101763726215614,-0.115726148157425,-0.139212727011683,-0.160904944677529,-0.0392180511531391,0.198622704429441,0.0365475556048926,0.103196728834956,0.129303681657299,0.0615197993798579,0.0672576145854264,0.283274554312221,0.182687651718838,-0.0956579146587864,-0.180965035673408,-0.0757742222112373,0.240787298256425,"Top_50"
"F1304_mz171.0168_rt0.44",0.127467035890327,-0.152759629151069,-0.23500122261511,-0.152312113498315,0.224797446237231,0.0684896952247209,-0.0626254747891065,-0.0678943844261765,0.175557965023777,0.125984850330722,-0.113661899000502,0.111966507741012,-0.0380563943250138,-0.0547197718048143,0.019533144369121,-0.50023081711397,-0.396023343539023,-0.0662970163671487,0.125448659952889,0.313200844934561,-0.0250882912565182,-0.120129750342285,0.124584903660799,0.0381400349974026,0.23500122261511,"Top_50"
"F3714_mz353.248_rt1.46",-0.141072176120014,0.0136929396816302,0.230259666454932,0.132711264253132,-0.0208061918550926,-0.0533808063888403,0.262393695541453,0.120565121933228,-0.126931219253826,-0.101582920953064,-0.0790884187328204,-0.0596397084343328,-0.0357933067284127,0.0689438393607764,0.0458666295779806,0.0447011774586239,-0.135940044646438,-0.235827790799863,-0.0668249136049878,0.148051827509889,-0.129113033911363,-0.0647443713865444,-0.0275503978699892,-0.00994591943725542,0.230259666454932,"Top_50"
"F3461_mz331.1297_rt1.01",-0.118547256614943,0.146080808143194,-0.226934934085212,0.0832898123733988,0.23613247352783,-0.478081491490085,0.181302053430718,0.138736759371387,0.0701264045165049,0.159638265175133,0.162883177170872,-0.119447561804572,-0.388628333111707,-0.0223491882450564,0.186572106217612,-0.0618974341014258,-0.00213665585656917,0.131775567537946,-0.00505840299609982,-0.06832469888578,-0.00186333401718413,0.0597783760186766,-0.160818849865525,-0.0571721719334983,0.226934934085212,"Top_50"
"F1866_mz209.1176_rt1.18",-0.141509822314481,0.0579476952310035,0.205664622435029,0.00895203992217469,0.137119744477141,0.274347888370512,-0.141837902450674,-0.0339587674369561,0.0273371003364014,-0.0920771905790122,0.148975245601684,0.202143597445001,-0.13606658442708,-0.172597421937889,-0.0950336076634156,-0.0634376779879075,0.0560347854072983,0.0573115818915327,-0.000335303061735885,0.049706623945839,0.0225473177251783,-0.116494869979548,-0.343737364751674,-0.0519391232345209,0.205664622435029,"Top_50"
"F1765_mz202.1078_rt1",-0.140580288304287,0.0215478077418994,-0.199490989451071,0.0802616104625646,-0.0254569910520978,0.223644632369055,0.334448598152793,-0.0771393212446095,-0.0116551128945094,-0.273870280711213,-0.0234366311774955,-0.118160964113441,-0.156382495196183,-0.000713764086476673,0.169011554247611,0.141243056780683,-0.025271106621,-0.00685677904525952,0.169202093452192,-0.207739470653162,0.0546801202930706,-0.5397683369141,0.0451770800666897,0.125789390024155,0.199490989451071,"Top_50"
"F2587_mz264.0986_rt1.08",-0.130962000614432,0.196543445844771,-0.0809566007751058,-0.136861364520523,0.28543216354529,-0.016623244338576,-0.200792014722138,0.252132335600713,0.073838609807092,-0.250463710058889,0.133995667320969,-0.162060288625115,0.332982091554979,-0.176991491788291,0.0810335429511369,0.262284409136771,-0.163837581072035,0.0717761628500046,-0.12128730564658,0.27003250540089,0.0947100299237692,0.0179670240333285,-0.0695556385595976,0.0677526353340343,0.196543445844771,"Top_50"
"F362_mz104.0707_rt0.55",0.121526328856046,-0.165838849927078,0.193100754052908,-0.397955866027116,0.127990269729208,-0.0248446016631283,0.0671265495002831,-0.167364391863118,-0.234772723841675,0.0218711875720821,-0.0934966026338482,-0.0032607538513904,0.0476132865059108,0.0602428986741824,0.200105281651794,0.159721790748032,-0.32110434595765,-0.0921455239805268,0.104486762739566,-0.207506483834806,-0.0415440104900519,0.202530475038388,-0.0255865091889513,-0.230071212339859,0.193100754052908,"Top_50"
"F2645_mz269.1752_rt1.19",-0.143754100872906,0.00895730941188764,0.183888199164452,-0.0690985852893932,-0.0955868189958043,0.0801067909541603,0.183981661279563,-0.15464344602591,-0.0668603188954725,-0.0440940657396212,0.237838070366382,-0.186005797257993,-0.139798661592573,-0.455397808126601,-0.140055181557836,-0.00373158539772564,-0.349457843019974,0.131722576854977,0.119654409818016,0.0713787353783933,0.0853845657967923,-0.0463096188489575,0.188991094092378,-0.00707579731281595,0.183888199164452,"Top_50"
"F885_mz141.0549_rt1.07",-0.139836251698639,-0.121146447614915,-0.183715295506723,0.164851068904226,0.15976617786991,0.0251184788372668,0.127361088278881,0.0677758380933746,-0.0160859408285897,-0.121402005492778,0.151823945572111,-0.104919420858242,0.277965349159729,-0.259741154374777,0.0498141735208155,-0.00851972476059561,0.0190181753088894,0.0345469563276123,0.0121083698239346,-0.133420243414886,-0.164779065763607,0.0993968299162101,-0.00902452482199351,-0.15540477929416,0.183715295506723,"Top_50"
"F2935_mz288.2902_rt1.87",-0.153853043944428,0.368062346394078,-0.104687758093469,0.0231011483293385,0.367875083433816,0.201217131564892,0.0870158968050829,-0.0237758475404687,-0.0479789164579796,0.190098146923191,-0.205625694071124,0.0988900825092756,0.0869595152715815,-0.30718827194293,-0.492987230190761,0.120814611687654,-0.0283565800507732,-0.262776657950863,-0.222885463160691,-0.151521389833675,0.0549964139440872,-0.02182578619953,0.0914366367657061,0.0628359709652788,0.368062346394078,"Top_30"
"F2323_mz244.095_rt1.18",0.174170255018011,-0.0535424492086765,-0.365074981993724,-0.115354476326287,0.0042824953535043,0.160149317911568,0.0240027462818413,-0.222202761203992,0.359726362308027,-0.264609379785188,-0.0541085584249241,-0.0981908450027428,-0.0481140171965403,0.0238358801341863,-0.193297762635642,-0.132722491024542,-0.397069210989539,0.0735846194788348,0.293069592919438,-0.132076145950027,-0.137908965897958,0.108188120746157,0.0609438404674865,0.18710751609355,0.365074981993724,"Top_30"
"F1700_mz198.0976_rt0.69",-0.169202643907932,0.178640265953355,-0.35242779660996,-0.158582712427649,0.130295805534846,-0.137300254344883,-0.175817466178877,-0.0366014515590284,-0.113685226271156,-0.122629113494243,0.22894169076353,-0.0048615036266583,0.0448522075178235,0.135569716140275,0.162693635400063,0.399642993701499,0.0902394299145869,-0.163437832938371,0.087400553949269,-0.145969315300815,-0.331443823820724,-0.158595764028264,-0.161349157908408,-0.357848378440777,0.35242779660996,"Top_30"
"F1866_mz209.1176_rt1.18",0.181086788108091,-0.0486436119483238,0.341762249412171,-0.0415161588595095,0.17514568212492,-0.181764842109962,0.00588671331223046,-0.0251437092227796,-0.204986390672682,-0.0188483923764383,-0.161115488186282,0.0559158015046596,-0.289830860177976,-0.0959986535970995,0.0764897958478946,-0.120582694264889,0.0269659764078012,0.1420424585168,-0.06653303499347,-0.322861667869419,0.00320062854353131,-0.203994398671252,-0.05182226306696,0.0386806836121418,0.341762249412171,"Top_30"
"F181_mz86.0602_rt0.45",-0.170082654873434,0.334420767095375,-0.0212298636142176,-0.271329949644954,0.041597273153442,-0.0230762451705099,-0.11289527683326,0.0430740606197418,-0.110845732149576,0.00850454388676073,0.203376380037008,0.0296185876664492,-0.15696531886,-0.0572969336623482,0.11544814104632,-0.162492548769378,0.0137358295078013,0.0315114819961243,-0.0335288799229935,0.227250507492673,-0.190891044852875,0.0799731693438517,-0.420115468883844,0.555921139890562,0.334420767095375,"Top_30"
"F3348_mz319.0188_rt0.42",-0.156957099347443,0.230549917466804,0.317739799053466,0.251299136158873,0.0974951842567365,0.182290450277697,0.356620722628103,-0.257469152179195,-0.107263273672536,-0.0404718615419742,0.0870077358662943,-0.212384129617452,-0.18001926407922,0.279408950726735,0.206505812304785,-0.196785612722252,-0.204636667913924,-0.353063572602499,0.0652717234017884,-0.140170085343891,-0.1131497403195,0.142233672552924,-0.057971870533113,-0.1163386909011,0.317739799053466,"Top_30"
"F3172_mz305.1348_rt0.66",0.161708664810836,-0.317647552441913,-0.0660579689439582,-0.167655202367716,-0.317953470540137,0.244183342549319,-0.0268533215779434,-0.072273132316918,-0.397760461710669,0.00778722523530317,0.218321692522074,-0.253663023256633,-0.0484134841514145,0.107566713423282,-0.291579665819345,-0.0387288645486627,0.174252653246585,-0.313038715851763,-0.0493359113874893,-0.0362023573070598,-0.0970391884434539,-0.011501640544648,0.118379890032619,0.0989134808275025,0.317647552441913,"Top_30"
"F3461_mz331.1297_rt1.01",0.165362903875195,-0.0719526818626766,-0.300776488421194,0.153090386701576,0.22323046286699,0.417848000194498,0.0933745659942704,0.527831855107862,0.0344803948219559,0.212499789362848,0.255987708405393,0.0640862373727292,-0.277278339678689,0.138313920994989,0.0886075775179918,-0.088549672050545,0.0281349165218693,-0.00642113940300831,-0.0282694468862298,0.0131923188811209,0.189270079648689,0.0591519000010072,-0.125928495432437,-0.0748417232126724,0.300776488421194,"Top_30"
"F2350_mz245.181_rt0.44",0.168088328984382,-0.29510086740167,-0.0513987533764148,-0.29531064960503,0.0101031954136102,-0.161235170066706,0.135302742377586,-0.259024980935369,0.155447416826091,0.353090660414488,0.0565919475641533,0.247332340360399,-0.294935698716455,-0.183144476004973,0.190866863514674,0.198961074492704,-0.255964255001632,-0.297268304465295,-0.195868754036993,0.0229861477024715,0.100413370178194,0.0512145402692481,-0.126538153030994,-0.0381496884551977,0.29510086740167,"Top_30"
"F2053_mz222.1129_rt1.18",0.184203204189522,0.1441931428976,-0.256832107188069,0.104234995119122,-0.0836716530890527,-0.129883699583989,-0.0021813445243457,-0.136618031165967,-0.136849655233212,-0.493967058938055,-0.0801385505994376,0.115709675028017,-0.0135252288744443,-0.00772911947732817,0.0223273609566041,-0.152975194629707,-0.0190093984337017,-0.34615587912774,-0.213612342302796,0.198944958771117,0.395244182062947,-0.162987176279226,-0.114799156198696,0.0652452852076698,0.256832107188069,"Top_30"
"F1003_mz148.0396_rt1.21",0.180538716665302,0.161625135879985,-0.237694381486198,0.108429117360037,0.269601420193128,0.0298990711924607,-0.0174512554715442,-0.363558838407875,0.162147529123411,0.0441822177006033,0.0404989243513093,-0.115504929976133,-0.276665789764946,0.00222830231725825,0.190335742110211,-0.0785425176839513,0.383313896262563,0.127157769943223,0.0755690272695174,0.0154992128644616,0.0286759360726375,-0.192898091425862,0.27226291600273,0.0294342450537639,0.237694381486198,"Top_30"
"F958_mz145.1015_rt1.21",0.174687612324248,-0.196309864710068,0.21917651433383,-0.115229713670145,0.320069419435537,-0.0900714614487353,0.170112020563719,-0.028475383005457,0.25770133351146,-0.286972144749128,0.350999466591324,0.210218998075844,0.086402331781443,0.0978372038269833,-0.325074466179093,-0.16289614064422,0.26214317870303,-0.00540685686603341,-0.212821412559855,-0.060702388287029,-0.257130519769827,-0.00950535841004754,-0.146438406213326,-0.0546767212330685,0.21917651433383,"Top_30"
"F1765_mz202.1078_rt1",0.187156219425096,0.070432019384643,-0.218814576663265,0.0933083446400036,0.0349236255836368,-0.365091807711562,-0.15855893715431,0.0655420273810779,-0.135991446421742,0.314328811400626,0.10118159578356,0.149239813574183,0.317097404315223,0.0693771590579403,0.124437430614691,-0.450400374687592,0.0150035307635311,-0.182284230970316,0.0534912262077862,-0.363958558474535,-0.0747806499038435,0.122971153775109,0.180537299787117,0.124864789741251,0.218814576663265,"Top_30"
"F1754_mz201.1642_rt1.21",0.200896489812245,0.0230334215485653,0.0716791364816076,-0.10843891113414,0.245269449864972,0.0357562251299905,-0.112221292400231,-0.100838403093323,-0.162670422770332,0.00158910275856491,-0.160978588253927,-0.0423602294953451,-0.084966186562768,0.329888417152938,0.00270439077073737,0.302384638502641,0.165559521902031,0.155689263479184,-0.00896541187616842,0.0209068188871434,0.0878016067126339,0.294983325537793,0.111705889306271,0.335552217979007,0.200896489812245,"Top_30"
"F2125_mz227.1434_rt1.54",0.200672988261644,0.148421147017735,0.0960604585707476,-0.070537613811428,0.0369324176469018,0.00893101843813619,-0.0792945935981359,0.00494332869973206,-0.0143165924781368,-0.0289819757515247,0.0473627462920617,-0.0264717313483209,0.125742954894212,0.260971292935863,-0.103814382667008,0.0623384747675769,-0.0165969441016495,0.0983785200176061,0.0846838608832114,-0.147923606436596,0.428588626013872,-0.267043378636687,-0.278268203294476,-0.158082694675829,0.200672988261644,"Top_30"
"F362_mz104.0707_rt0.55",-0.169291653475857,0.0989172131668128,0.200015562577794,-0.505065382265537,0.112856475474654,0.0619927430911983,-0.218102033755057,0.00998089674163757,0.222662048941819,0.133407401109384,0.17075131830819,-0.292070131673272,0.0239776958668734,-0.0680193046069382,-0.00743003283785742,-0.295169307770827,0.0168181042742028,-0.135864183204676,0.108715293730365,0.142575903146778,0.241606680413905,-0.184214522128068,0.230395243121514,-0.133590926793499,0.200015562577794,"Top_30"
"F1789_mz203.1798_rt1.6",0.199678323213782,0.110695573695551,0.0863497354595213,-0.193237663691119,0.0823924128589529,-0.0821372400584255,-0.103826752333287,0.00100150243609239,-0.112204700368982,-0.106052584427635,0.0424578579620416,-0.126954370065097,0.0461080460311422,-0.0900717940703587,0.0380391455520656,0.126568746198164,0.0971834831816689,-0.14019649300138,0.0792298477103826,0.0165445445480499,0.231191910794234,0.575598470342798,0.0333459620287203,-0.180602537523131,0.199678323213782,"Top_30"
"F3243_mz312.0542_rt1",0.197204520669037,0.199497546282352,0.0443835632765612,-0.0472738132348524,-0.0748673923201477,0.0314488340017512,-0.00922690701788576,0.0121038220801857,0.189602331827229,0.00211328916022816,-0.0354969923512232,-0.0634377790281636,0.0525742717684711,-0.0863597958908944,-0.0830380838070497,0.0565508802957327,0.0108895575801967,0.0342997228759224,0.0384516241910141,-0.20025560753819,-0.072992324878668,0.337840423674083,-0.178868000090884,-0.16145246943781,0.199497546282352,"Top_30"
"F3857_mz367.1217_rt1.32",0.196352997265778,0.19014446199502,0.0744173900751974,-0.00134483446212146,0.044630015215944,0.0172300069616666,-0.0767088500823128,0.0686928372192348,0.0983196733722738,-0.0382060938938459,0.171266446154406,-0.025714532008219,0.219676478130825,0.226201212784345,0.170225560195036,0.0400260712389212,-0.39937748581469,0.123669318719674,-0.521888762250208,0.222844321345695,-0.0901912156842336,0.0305671409983864,0.285840499855408,-0.0425714701726226,0.196352997265778,"Top_30"
"F2021_mz219.1749_rt1.21",0.195310585563172,-0.0896052822383131,0.0313385020562564,-0.118801256738479,0.165943009238769,-0.108130216352425,-0.0271325280115952,0.314340110561453,0.170116658597206,0.0578767095034382,-0.508099121549389,-0.270728624431671,0.0650082938927752,0.27106115510906,0.0270769725503534,0.0158192701237116,-0.0623571553874539,-0.338394181731639,0.0832543229374672,0.0538494305203079,-0.19279616134042,-0.197843767986754,-0.200011342664557,0.097356797168611,0.195310585563172,"Top_30"
"F1700_mz198.0976_rt0.69",0.204837530944526,0.0600924801470142,-0.495702920210553,-0.306225311489309,0.0875755768444732,-0.232265862758761,-0.214892282704915,0.0952417985993484,-0.0228721722607842,-0.0534783194910282,0.212474358941083,0.232228514288831,0.0800999700177872,-0.289093366315871,0.240433557556992,-0.0535940695102464,-0.0235159652470713,-0.227583153268543,0.11111091668144,0.424553549778476,NA,NA,NA,NA,0.495702920210553,"Top_20"
"F958_mz145.1015_rt1.21",-0.216977124675864,-0.105485636796591,0.398747990813798,-0.0568788621826821,0.0813551874510237,-0.39386411774644,0.170069758714007,0.133701705342335,-0.318160672961537,0.248069011554713,0.512414099347777,0.0100734328699646,-0.141636372213591,0.104539347293776,0.236965285823033,-0.102699818696614,-0.112051650103746,0.133638425500187,0.0246954306359498,0.129858117194432,NA,NA,NA,NA,0.398747990813798,"Top_20"
"F2323_mz244.095_rt1.18",-0.217156244697662,-0.139943226664179,-0.354876267523717,-0.193424396740825,-0.124368505450743,0.0247322487502748,0.316684333735828,0.620870910651115,0.0796014608247503,-0.178160901510207,0.045693987937955,0.151240073088106,-0.0198578021458601,0.384088371921531,-0.0500671805522455,0.129550907328801,-0.0467692474899025,-0.0148505221273214,-0.027993877139551,-0.186066936267403,NA,NA,NA,NA,0.354876267523717,"Top_20"
"F3172_mz305.1348_rt0.66",-0.204722837636113,-0.350189480897773,0.0888990226962777,-0.131442423133102,-0.157713109345422,0.518735880585261,-0.3832482349057,-0.0357090536434158,0.200438323557208,0.271735416857538,0.22600780714437,0.248874394646659,0.19863881710495,0.0689317771146439,0.259314335026977,0.0303732353733323,0.0585080475987896,0.0728592425527386,-0.138598256550554,0.0284752385098475,NA,NA,NA,NA,0.350189480897773,"Top_20"
"F181_mz86.0602_rt0.45",0.213605906828902,0.337418636967028,-0.16153589741837,-0.347930565757366,-0.0291535088596674,-0.0559661581432755,-0.147728700456801,-0.0164700141674368,-0.0572746265825372,0.211214392652608,-0.112361724195628,-0.0259073035273756,-0.218162594005192,0.037694502172429,0.315655757860727,0.0672142608056709,0.0311237239412747,0.549337382022486,-0.0687707982113645,-0.381398038336959,NA,NA,NA,NA,0.337418636967028,"Top_20"
"F3461_mz331.1297_rt1.01",-0.207749553602775,-0.14465187777772,-0.336372315157594,0.0954563298286945,-0.576461208054749,-0.26153329025412,0.207935955042176,-0.336887040146623,-0.0940560722604424,0.416936813446452,-0.159031334225554,0.134351230727479,-0.0143474168599453,-0.0547501459286661,-0.0408837189250355,-0.115047803700174,-0.0111305259766365,-0.086233214625882,0.00503644328989283,-0.0670812393323881,NA,NA,NA,NA,0.336372315157594,"Top_20"
"F1765_mz202.1078_rt1",-0.228684978662371,0.0810485115142259,-0.325103982053272,0.0829899839408527,0.35530506979429,-0.0797483576135597,-0.17187389270207,-0.171271584806655,-0.142985515558266,0.0947208788197478,-0.0312411712621637,-0.297161935521645,0.475288626411939,0.456388734448093,0.0413238076822166,-0.227695807537408,-0.160635436172051,0.0429947245297988,-0.0542274632140983,-0.00665349004484828,NA,NA,NA,NA,0.325103982053272,"Top_20"
"F2350_mz245.181_rt0.44",-0.213419078254536,-0.317389944485684,0.131344565436719,-0.257715790993247,0.303796599039928,-0.00330780453199672,-0.00406204352051533,0.225276772167023,-0.271347374403163,0.205715226799076,-0.641312632507185,0.0333194020088996,0.0521141484258252,-0.266015229183451,0.0768834304572782,0.00830884426693338,-0.0376306418915196,-0.0321409805720607,0.126613822776399,0.0264040961547515,NA,NA,NA,NA,0.317389944485684,"Top_20"
"F3348_mz319.0188_rt0.42",0.201848132972243,0.30458792155212,0.276316454330621,0.320235933248978,-0.300141307812297,-0.16291060130854,-0.18693569322372,0.381912396063964,0.103940405881493,0.113775488966217,-0.290925785996629,0.179155171118687,0.253409796270053,0.190116448108171,0.29217706728505,-0.0948689488256367,-0.169771735515477,-0.12976257082804,0.0386517181543532,0.0882556956231437,NA,NA,NA,NA,0.30458792155212,"Top_20"
"F3857_mz367.1217_rt1.32",-0.233365680941956,0.302282643428033,0.00451605072769991,0.0129455542864031,-0.0560215489648691,-0.015662960511107,0.121903475301105,0.0645708666133998,-0.0313158570816256,0.13277323100556,0.121646178687607,-0.150608771838241,0.40756584564168,-0.349910331890937,-0.0312782181657279,0.658880387761286,-0.135282886674636,0.0226566222014128,-0.181462557487176,0.00903229274127205,NA,NA,NA,NA,0.302282643428033,"Top_20"
"F3243_mz312.0542_rt1",-0.233767308920016,0.2922125651733,-0.0226933465737535,-0.0214227259941708,-0.0295332403111876,0.142968874067687,0.216896162702072,0.183124023194595,0.0671296180288406,0.050951839664817,-0.0815085087988914,-0.15889188188607,-0.0394127435333742,-0.15279726061719,0.0776404131692325,-0.403499445012732,0.438656585423915,0.0626559420644507,-0.480124609890672,0.312253298663434,NA,NA,NA,NA,0.2922125651733,"Top_20"
"F2125_mz227.1434_rt1.54",-0.239742614574051,0.261554445212606,0.0619288064262263,-0.046352435115358,-0.0273324871423116,0.0340606347114581,0.00516352364937356,0.0276722992251974,-0.00866204810765472,-0.00250258578559474,0.118247944835155,0.0789234048079206,0.243264849331413,-0.0532760614831988,-0.0175777863177643,-0.0958170206571765,0.526389110370212,-0.00988056133430774,0.675001231131085,-0.202041710613938,NA,NA,NA,NA,0.261554445212606,"Top_20"
"F1358_mz174.0553_rt0.89",-0.231141929827867,0.260607510217137,-0.056068527408372,-0.073940824436968,-0.15800751646632,0.393934085890405,0.0517870264592913,0.0142899465085604,0.0452671656967284,0.0501011319579291,-0.0249455659437102,-0.220825864063059,-0.278262321153578,-0.00996916455068774,-0.0182915519345514,-0.104042194356715,-0.506866031148356,0.108948871324675,0.402635176299773,0.33686393313384,NA,NA,NA,NA,0.260607510217137,"Top_20"
"F1754_mz201.1642_rt1.21",-0.244779888755761,0.11483540346172,0.108240745852583,-0.106818060387764,-0.0518282443189583,-0.167149953983662,-0.173120494538603,-0.0468622821861649,-0.00690265655364745,-0.299938384615833,-0.0285097241527765,0.485547188593086,0.177981207424913,-0.139871462199615,-0.415451985195986,-0.232075720167729,-0.225405531668971,0.412748621358309,-0.122676765631544,0.0218717394730017,NA,NA,NA,NA,0.244779888755761,"Top_20"
"F2021_mz219.1749_rt1.21",-0.241856855191071,-0.0279734211626586,0.0958876577051976,-0.0806667321902105,0.099158149157677,-0.173059420858485,0.303098635892906,-0.361972158743232,0.443647903320763,-0.341690957876101,-0.179496717769151,0.11359267374243,0.0262261191956522,0.0755664023617385,0.522736836794694,0.109587343576379,-0.0440190916287903,0.0463559521736819,0.0425111021590199,0.0780582523996939,NA,NA,NA,NA,0.241856855191071,"Top_20"
"F1789_mz203.1798_rt1.6",-0.240400448931767,0.219481153438637,0.0803274680629755,-0.178100895079748,0.0693223061656513,-0.0102198616893598,-0.136151793412189,-0.000723030284277618,0.110959912215251,-0.00948133035168932,0.107970983371336,-0.015533929161617,-0.139139252556965,-0.200942509897654,0.0693811234013932,-0.258370326533744,-0.261923732390057,-0.549988368221709,-0.16379423397283,-0.528098412754339,NA,NA,NA,NA,0.240400448931767,"Top_20"
"F362_mz104.0707_rt0.55",0.207736441047331,0.142530501241199,0.240224781490669,-0.569413048485962,0.0348743555884986,-0.0731258010916179,0.164120494798047,-0.128003448609674,0.287385866805951,0.338700414556674,-0.0490796518064135,0.0362521194751886,0.128159048935915,0.308083716918404,-0.355031269176615,0.0348926639519443,0.0188040877059326,-0.185053063196109,-0.0156879331598994,0.173857537551694,NA,NA,NA,NA,0.240224781490669,"Top_20"
"F2020_mz219.1747_rt1.58",-0.234298405371602,0.231382020431147,0.0694734329093462,-0.121595135398788,-0.132705102641859,0.0476933818474349,-0.264606080157825,-0.184478644050809,-0.47167079108582,-0.225272402371866,-0.136535052663145,0.157739387379987,-0.257238865345698,0.347388984840502,0.0309976304107952,0.310869811497984,0.189690618633048,-0.256019420625783,-0.121519565011257,0.17472491039132,NA,NA,NA,NA,0.234298405371602,"Top_20"
"F2587_mz264.0986_rt1.08",-0.226701165299783,-0.191723033660923,0.0412750994764208,-0.116294856387946,-0.238675283987008,-0.402880179653072,-0.47763141548239,0.14453081933383,0.326858949233765,-0.0962722253226193,-0.044575406554373,-0.493944593556561,-0.12676312502501,-0.0128262712782122,-0.119853588471865,0.0836013533238426,0.126871517071028,0.067807882573759,0.0392573121500093,0.0801575548244491,NA,NA,NA,NA,0.226701165299783,"Top_20"
"F259_mz97.0286_rt1.01",-0.221047460494566,0.1494938361209,-0.154233961070387,0.363120894148731,0.425151348827813,-0.108744353022471,-0.134509272649101,0.05823760138182,0.325635953018151,0.37822756156363,-0.0231004968289623,0.314519542338086,-0.371991480492204,0.0589086067423969,-0.149337089929699,0.189195243864677,0.0751294676425675,0.00987256531445824,0.0200327272312639,0.06665436029447,NA,NA,NA,NA,0.221047460494566,"Top_20"
"F362_mz104.0707_rt0.55",0.294659173481525,-0.582728787618712,0.115556163075156,-0.399921495994244,-0.148870655896936,-0.251071356894438,-0.0193741770100224,-0.197718331553079,0.342174918951828,-0.398198230551126,NA,NA,NA,NA,NA,NA,NA,NA,NA,NA,NA,NA,NA,NA,0.582728787618712,"Top_10"
"F181_mz86.0602_rt0.45",0.313523022068879,-0.131358044333272,0.537366420274978,-0.28621132553276,-0.189195938349155,0.139924748979999,0.219922568626498,0.0332016844154754,-0.301280824431412,0.564053476760019,NA,NA,NA,NA,NA,NA,NA,NA,NA,NA,NA,NA,NA,NA,0.537366420274978,"Top_10"
"F1789_mz203.1798_rt1.6",-0.319431210486981,-0.255367434950756,0.465627715665053,0.133782281383949,0.0890647506711937,0.0851471840717376,-0.0242326299138059,0.316254705872869,-0.471469792283322,-0.509876170636874,NA,NA,NA,NA,NA,NA,NA,NA,NA,NA,NA,NA,NA,NA,0.465627715665053,"Top_10"
"F3461_mz331.1297_rt1.01",-0.29569807339085,0.455506233019364,0.0582796630758339,-0.689206105951998,0.111295304520691,-0.349820463604747,0.208245232689647,0.195559319083702,0.00364455250955817,-0.101446226727591,NA,NA,NA,NA,NA,NA,NA,NA,NA,NA,NA,NA,NA,NA,0.455506233019364,"Top_10"
"F1765_mz202.1078_rt1",-0.311448992544602,0.260763323757929,0.423268317008609,0.259396291406807,-0.439869605158169,-0.0116717252941389,0.304282703638325,-0.45288378529608,0.287472295267122,-0.120855301372001,NA,NA,NA,NA,NA,NA,NA,NA,NA,NA,NA,NA,NA,NA,0.423268317008609,"Top_10"
"F958_mz145.1015_rt1.21",-0.312233551743462,-0.418769811596237,-0.239909646442367,0.047153844491967,0.352254851761306,-0.046968579275949,0.688042695456591,-0.189357498102705,-0.0678848719911899,0.1649394853336,NA,NA,NA,NA,NA,NA,NA,NA,NA,NA,NA,NA,NA,NA,0.418769811596237,"Top_10"
"F2350_mz245.181_rt0.44",-0.309730527086392,-0.238052916007024,-0.363380050601644,-0.0465510500857905,-0.743354464979122,-0.0761102446985756,0.0253695272640098,0.359590688216374,-0.088626395711273,0.130435441492053,NA,NA,NA,NA,NA,NA,NA,NA,NA,NA,NA,NA,NA,NA,0.363380050601644,"Top_10"
"F2021_mz219.1749_rt1.21",-0.338084531784062,-0.160471555344438,0.0946516207548927,0.0158270731995503,0.0741365901065323,-0.528228699416642,-0.501356015100563,-0.396586120416017,-0.245258736872401,0.312131795976774,NA,NA,NA,NA,NA,NA,NA,NA,NA,NA,NA,NA,NA,NA,0.338084531784062,"Top_10"
"F1754_mz201.1642_rt1.21",-0.334975496196745,-0.20159028962599,0.294007774164567,0.0340819825071512,0.214299424077182,0.108417707153652,-0.176489426342875,0.403936720021552,0.641801522639157,0.309272357375532,NA,NA,NA,NA,NA,NA,NA,NA,NA,NA,NA,NA,NA,NA,0.334975496196745,"Top_10"
"F2587_mz264.0986_rt1.08",-0.329351845890137,-0.0636329099547923,-0.116280464469012,-0.438353875079196,-0.0125762560529295,0.699174394974252,-0.24117360733884,-0.361709483481539,-0.0518149108770809,-0.0334171670693046,NA,NA,NA,NA,NA,NA,NA,NA,NA,NA,NA,NA,NA,NA,0.329351845890137,"Top_10"
