"feature_name","PC1","PC2","PC3","PC4","PC5","PC6","PC7","PC8","PC9","PC10","PC11","PC12","PC13","PC14","PC15","PC16","PC17","PC18","PC19","PC20","PC21","PC22","PC23","PC24","Alignment ID","Average Rt(min)","Average Mz","Metabolite name","Adduct type","Post curation result","MS/MS assigned","Formula","Ontology","Total score","S/N average","sample_to_blank_ratio","number_detected","absolute_PC1"
"F1540_mz187.1078_rt0.74",0.0224857408286739,0.00129195812230715,0.000230160742008606,-0.000632750513380739,-0.00296970838136469,-0.00156497878896879,0.00130761022919103,-0.000605142249883968,-0.00299970655569566,-0.0013766670300666,-0.00132164655762476,-0.00649987294157161,0.00095531081039469,-0.00147670072932705,-0.000410754068910851,0.00408978851798514,0.00304673509299996,-0.00164344107168762,0.00445378136954137,0.0131329596502584,-0.00120902288372105,-0.00159567780807333,0.000888141901627023,-0.00096277649434373,1540,0.738,187.10782,"Unknown","[M+H]+","ion correlated with 2509; ion correlated with 2962; ion correlated with 1268; ion correlated with 671; ion correlated with 1914; ion correlated with 2165",FALSE,"null","null","null",174.3,1343530,13,0.0224857408286739
"F2962_mz290.135_rt0.76",0.0224556719656606,0.00172558506582906,-0.00173846668025107,-0.000207983783046193,-0.00144004834731666,0.00237216886488642,-0.0036017959911026,-6.23018022642527e-05,-0.00248167291136768,-0.00200540548102807,-0.0016241342370316,0.00336070964350242,-0.000851695367885982,-0.00298638916729424,0.00375456698014207,-0.00103975718882319,0.00292474153381754,0.000524464371282491,0.00990697185663542,0.00108628096508135,-0.000180947506343112,0.013864224371869,0.0106358948560183,0.00520432301574665,2962,0.757,290.13498,"Unknown","[M+H]+","ion correlated with 530; ion correlated with 2509; ion correlated with 1540; ion correlated with 1268; ion correlated with 671; ion correlated with 2017; ion correlated with 2341; ion correlated with 1914; ion correlated with 2165; ion correlated with 3227; ion correlated with 4683; ion correlated with 566",FALSE,"null","null","null",696.97,1731103,13,0.0224556719656606
"F2947_mz289.2165_rt2.58",-0.0224497236375019,0.000708403642374307,0.00220258466256246,-0.000435061975092953,-0.00502659828705131,-0.0004634245844426,-0.0015406776649931,-0.00473206745841476,-0.0053309728623608,-0.00623484356703136,0.00689766315105302,0.00315560599403938,8.64258465387063e-05,0.000946593882464897,-0.000867535917726732,-0.000705554446579769,0.000148773774320632,-9.27651264584756e-05,0.000403547050627172,-0.000109610114387312,0.000399664577153064,0.000363512815997551,-0.000933167231688068,-0.0069273154808864,2947,2.575,289.21652,"Unknown","[M+H]+","ion correlated with 3670; ion correlated with 3516; ion correlated with 3077; similar chromatogram in higher mz_4147",TRUE,"null","null","null",24.79,591314,6,0.0224497236375019
"F4792_mz574.2658_rt1.2",-0.0224436581717518,0.0011408000908608,0.00187147973527306,-0.00118515750882174,-0.00540344566409801,-0.0017716963007319,-0.00383401630452057,-0.00542436389852961,-0.000346114972081888,-0.00500772497898047,0.00548467023779059,0.00165654266761945,0.000360850381740175,-0.00441550205738679,-0.00120597219090402,0.000674039343790948,-0.00158960017531475,0.000556262767621014,0.000739813050667128,5.08452025119007e-05,0.000629523915640303,0.000762434446122263,-0.000912284271180742,-0.00454889029392965,4792,1.196,574.26575,"Unknown","[M+H]+","ion correlated with 4647; ion correlated with 4639; ion correlated with 3143; ion correlated with 4250; ion correlated with 739; ion correlated with 1598; ion correlated with 1870; ion correlated with 3772; ion correlated with 4719; ion correlated with 4166; ion correlated with 4929; ion correlated with 4952; ion correlated with 4960; ion correlated with 3635; ion correlated with 4590; ion correlated with 4743; ion correlated with 4797; ion correlated with 4062; ion correlated with 4100; ion correlated with 4516; ion correlated with 2013; ion correlated with 4871; ion correlated with 4381; ion correlated with 4954; ion correlated with 3284; ion correlated with 4031",FALSE,"null","null","null",11210.39,747696,6,0.0224436581717518
"F2509_mz258.109_rt0.71",0.0224397834864824,0.00117076453026258,-0.00191719340751483,-0.00242580944880235,-0.00342171514577294,-0.0023031268614296,0.00172498064287968,0.00424645565277744,-0.00693010340328888,-0.00449685593298793,-9.63245590649046e-05,0.000970952578485116,-0.00350025463353058,-0.000419584654617855,0.00264246317585153,0.00180605565030027,0.000262994978423267,0.000738548925812143,0.0107171359063938,-0.000651414110563358,-0.000454996353373475,-0.000285013895958265,0.0011530883399596,-0.0180123936929353,2509,0.71,258.10895,"Unknown","[M+H]+","ion correlated with 2583; ion correlated with 52; ion correlated with 463; ion correlated with 2015; ion correlated with 2206; ion correlated with 2888; ion correlated with 530; ion correlated with 1540; ion correlated with 667; ion correlated with 2962; ion correlated with 1268",FALSE,"null","null","null",290.94,1362876,15,0.0224397834864824
"F3171_mz305.0661_rt1",-0.0224314690173961,0.000494209552416445,0.00245202375424007,0.000396075125640124,-0.00469370299137016,-0.00251539127761658,-0.00550818258743248,0.00208804977210631,0.00923064432198887,-0.0022999534450749,-0.00115298132113263,-0.000587733073258075,0.00211465323723728,-0.0074631551142514,-0.000571912955802757,0.00166537964460013,-0.00262885266112557,0.0012833603302651,0.00149021357988094,-0.00024511032401217,0.00150915286241087,0.000820099600055098,-0.00199190098836605,-0.0116306621745745,3171,1.002,305.0661,"Unknown","[M+H]+","ion correlated with 4843; ion correlated with 1654; ion correlated with 1405; ion correlated with 1458; ion correlated with 3624; ion correlated with 792; ion correlated with 2793; ion correlated with 3937; ion correlated with 1217; ion correlated with 4207; ion correlated with 3309; ion correlated with 4550; ion correlated with 4658; ion correlated with 4165; ion correlated with 4759; ion correlated with 1837; ion correlated with 4035",FALSE,"null","null","null",728.4,1545487,6,0.0224314690173961
"F2476_mz255.2112_rt5.92",-0.022415748416503,-0.0009056676867667,0.00256878629126223,0.000316080689406254,-0.00531953903554567,-0.00060323515670573,-0.00244677981979261,0.00530224496703237,0.00448792104223009,-0.00521227296182374,0.00112572152475906,0.00118473296617524,0.00278263104146134,0.0113563866636655,0.00247074780755335,-0.00300271501002202,0.0028216765736984,-0.000652544226351158,0.00100451102067749,-0.00115357776983274,0.00150600694429043,-0.000475484458855673,-0.00302510175986748,0.000625617608418392,2476,5.916,255.21117,"Unknown","[M+H]+","ion correlated with 4813; ion correlated with 4850; ion correlated with 1459",TRUE,"null","null","null",5.03,284130,6,0.022415748416503
"F4171_mz407.117_rt0.49",-0.0224036821341433,0.00222051531506849,0.00188170556630284,-0.00105613949994381,-0.00471976623025908,-0.0002726130636996,-0.00151089443139329,-0.00510009364615765,-0.00582718514727182,-0.00482427350727039,0.0049588415128245,0.0028940376022431,-0.000437722794520602,-0.00747101196718324,-0.00257027155884987,0.00147783418923654,-0.00201856700096466,0.000699000855852434,0.000537049901915705,0.000296691933197362,0.00022679463589194,0.000852785025439283,-0.00042279840392507,-0.00135847072044318,4171,0.486,407.11697,"Unknown","[M+H]+","ion correlated with 2200; ion correlated with 998; ion correlated with 1822; ion correlated with 2220; ion correlated with 3142; ion correlated with 3708; ion correlated with 245; ion correlated with 3533; ion correlated with 2575; ion correlated with 2488; ion correlated with 2556; ion correlated with 4513; ion correlated with 3561; ion correlated with 2337",FALSE,"null","null","null",7395.37,656031,6,0.0224036821341433
"F1813_mz205.1186_rt0.83",0.0223995459836894,0.000982705424624152,0.0020744385308319,-0.00366129212207941,-0.0025060079688312,0.00156882001203892,-0.00362447942510066,-0.000220812376671938,-8.61060455402063e-05,-0.00344435816682316,-0.00123531051411976,0.0119084137967061,0.00251961292719115,-0.00277037244311928,-0.00292036527685167,0.00178487401061645,0.00331573630707088,-0.00258312509082116,0.00414432844454333,-0.00424980869926845,-0.00995738839602331,-0.00635330974174257,0.00677437471722717,0.00241181778308686,1813,0.827,205.11861,"Unknown","[M+H]+","ion correlated with 2017; ion correlated with 566; ion correlated with 2541; ion correlated with 988; ion correlated with 618; ion correlated with 2209; ion correlated with 2436; ion correlated with 1377; similar chromatogram in higher mz_4580",TRUE,"null","null","null",262.53,1030.06689635372,16,0.0223995459836894
"F3627_mz346.1979_rt1.02",0.0223910390002024,-0.000216532550044722,0.00348532270331876,0.00158120134084224,-0.00440803751138032,0.00243202518578017,-0.000982108213163851,-0.00715441030450421,-0.0049128493935515,-0.00826458985681816,0.000100590779560162,7.96974885708249e-05,-0.00376740131845813,-0.00758007412652061,-0.00301302884646693,0.00277002045562906,-0.00400894995625288,-0.000634057424134861,0.00422210717695897,0.000556334971645629,-0.00183457465544897,0.00099733555378698,0.00242815276211858,0.0160533924222265,3627,1.02,346.19794,"Unknown","[M+H]+","ion correlated with 1446; ion correlated with 3132; ion correlated with 2444; ion correlated with 2891; ion correlated with 2926; ion correlated with 1544; ion correlated with 2620; ion correlated with 3432; ion correlated with 1392; ion correlated with 2908",TRUE,"null","null","null",373.64,2467.57894736842,13,0.0223910390002024
"F2017_mz219.1343_rt0.78",0.0223697677623339,0.00214867029985629,0.00202779694558125,-0.00211482394963946,-0.00410170005474934,0.000218582443103272,-0.0003962844501224,-0.000668708612553327,9.32760109693906e-05,-0.00290327186122613,-0.00151773888514156,0.00831498839605244,0.00117245047414236,-0.0019715761998751,-0.00194328880172584,0.00187721704011383,0.00117706422401848,-0.00299524803138413,0.00309885745409983,0.000527041505659488,0.0117672500598032,-0.00798048743332624,0.0236372388465011,-0.000827689509722989,2017,0.782,219.13425,"Unknown","[M+H]+","ion correlated with 1376; ion correlated with 2929; ion correlated with 1006; ion correlated with 566; ion correlated with 2541; ion correlated with 1813; ion correlated with 618",TRUE,"null","null","null",519.85,4287.31966312706,14,0.0223697677623339
"F4147_mz403.2455_rt2.58",-0.0223598468941871,-0.002883831844667,0.0027656722018356,0.000464688762523267,-0.00608618059005209,-0.000243471144990352,-0.00197755613920743,-0.00461421545646436,-0.00412185747160434,-0.00337680286488714,0.00174046272188348,0.00344620595958632,0.000558876336645202,-0.00367314938865147,-0.00141969242594341,0.00111693297791472,-0.00064672675679939,0.000160333695700724,0.000443896824118467,0.000112118029824281,0.000964853578357352,0.00064590648883733,-0.00119143372891125,-0.0055163113816679,4147,2.576,403.24554,"Unknown","[M+H]+","ion correlated with 2947; ion correlated with 3670; ion correlated with 3762; ion correlated with 3748; ion correlated with 3758; ion correlated with 4666; ion correlated with 4530",FALSE,"null","null","null",16.7,120255,6,0.0223598468941871
"F4736_mz546.3563_rt3.71",-0.0223500618913231,-0.00146715447972297,0.00248581703767696,-0.000353405448044493,-0.00558646660772651,0.00388313388537739,0.00358781017355149,0.013577024282683,-0.00469326611878857,-0.00633521399216369,-0.000812636921032518,0.00302079828091488,0.0011110392020804,-0.000956342030848422,-0.00221105837955223,-0.000580500835718287,-0.000200322256279499,0.000296241015614569,0.00130403812114051,-0.00040006853969971,0.00130023364854378,2.85654370804319e-05,-0.00215408948052328,0.00393236548384365,4736,3.707,546.35626,"Unknown","[M+H]+","ion correlated with 3605",FALSE,"null","null","null",68.55,224979,6,0.0223500618913231
"F998_mz147.5556_rt0.46",-0.022341039456157,0.000706340118438974,0.00218904024613689,-0.00070563752995727,-0.00543880613740915,0.00253135301943529,0.0012841590533653,-0.000911350274365529,-0.00843586731771322,0.00133743994728602,-0.0094251075123586,0.00520523439297569,0.002794897163865,0.0167851510945605,0.00357977963904742,-0.00174389589080004,0.00699478544746016,-0.00198053076334185,-0.00040777521592674,-0.0013506278849753,0.000824925649361787,-0.00112574564331302,-0.00331713550297162,0.0103166067823127,998,0.457,147.5556,"Unknown","[M+H]+","ion correlated with 4169; ion correlated with 4259; ion correlated with 3829; ion correlated with 3927; ion correlated with 4413; ion correlated with 4463; ion correlated with 4725; ion correlated with 4731; ion correlated with 1230; ion correlated with 3508; ion correlated with 4249; ion correlated with 3095; ion correlated with 3069; ion correlated with 3230; ion correlated with 1091; ion correlated with 1822; ion correlated with 1872; ion correlated with 4124; ion correlated with 3142; ion correlated with 1926; ion correlated with 3422; ion correlated with 4171; ion correlated with 3533; ion correlated with 2556; ion correlated with 2417; ion correlated with 4513",FALSE,"null","null","null",305.45,446007,6,0.022341039456157
"F4797_mz576.2815_rt1.18",-0.0223349394362193,-0.00151386780470637,0.00335369934574868,0.00266780714070464,-0.00401774285188728,-0.00350460076608112,-0.00571758837880319,-0.00616257287536668,0.00354443400275259,-0.00461713997485745,0.00671664325577546,0.000998412941884845,0.000239824845166545,-0.0125633905035728,-0.00258158588140616,0.00226707614276092,-0.00439051544936423,0.00151437468278981,0.00103543926312878,0.000520278705793393,0.000957752498715101,0.00143161520631221,-0.000432376580292907,-0.0127775190011939,4797,1.184,576.28149,"Unknown","[M+H]+","ion correlated with 4223; ion correlated with 4684; ion correlated with 4543; ion correlated with 4153; ion correlated with 3574; ion correlated with 3143; ion correlated with 1598; ion correlated with 4110; ion correlated with 3772; ion correlated with 4353; ion correlated with 4719; ion correlated with 4341; ion correlated with 3733; ion correlated with 4388; ion correlated with 2740; ion correlated with 4166; ion correlated with 396; ion correlated with 4952; ion correlated with 3566; ion correlated with 3635; ion correlated with 4743; ion correlated with 4789; ion correlated with 4803; ion correlated with 4792; ion correlated with 4937; ion correlated with 1381; ion correlated with 1635; ion correlated with 2013; ion correlated with 4871; ion correlated with 4381",FALSE,"null","null","null",6298.24,423497,6,0.0223349394362193
"F3269_mz314.2084_rt0.97",0.0223302339097901,-0.00056443960577879,0.00359733135483393,-0.000907399388521596,-0.00777411244384089,-0.000175711427054568,-0.00126052616490746,-0.000352845887822321,-0.00172559773922197,-0.00562802323875156,-0.00197820670055739,0.00615364796789329,0.0020218969838054,-0.00471338756565247,0.00369344985600005,0.00251343223860431,0.00393236829591416,-0.00237529972249355,-0.0073450642639621,0.00478433328052682,-0.000883588356600449,0.00118382403542315,-0.0205175207125692,-0.00755443883894737,3269,0.971,314.2084,"Unknown","[M+H]+","ion correlated with 4059; ion correlated with 1814; ion correlated with 4243; ion correlated with 1841; ion correlated with 3732; ion correlated with 4137; ion correlated with 999; ion correlated with 3501; ion correlated with 647; ion correlated with 4252; ion correlated with 2248; ion correlated with 3443; ion correlated with 3601; ion correlated with 4397; ion correlated with 4036; ion correlated with 3721; ion correlated with 3248; ion correlated with 4467; ion correlated with 2515; ion correlated with 3465; ion correlated with 2432; ion correlated with 4231; ion correlated with 3920; ion correlated with 4312; ion correlated with 4454; ion correlated with 3155; ion correlated with 4150; ion correlated with 4138; ion correlated with 1750; ion correlated with 911; ion correlated with 2228; ion correlated with 2985; ion correlated with 3479",FALSE,"null","null","null",188.26,468090,13,0.0223302339097901
"F2499_mz257.15_rt1.13",0.022305036277512,0.00183405506074301,0.00260307630501152,1.36699833410477e-07,-0.0100747290742028,0.00040923136229537,0.00329747896061141,-0.00196649312090158,0.00042331380432535,-0.00331456426361794,-0.00159642922174419,0.00126130276653663,0.00132966564824701,-0.00187324141331773,-0.00295836982426313,0.00175150667027045,-0.000459041109440669,-0.002276203925304,0.00196567138095748,-6.93295849322417e-05,0.00523531991159105,-0.0113063652518034,0.00944719516043616,-0.00080289299695966,2499,1.129,257.15002,"Unknown","[M+H]+","ion correlated with 3603; ion correlated with 3335; ion correlated with 3569; ion correlated with 2190; ion correlated with 807; ion correlated with 1811; ion correlated with 1555",TRUE,"null","null","null",54.08,933097,13,0.022305036277512
"F3477_mz332.1817_rt0.98",0.0223046413243478,0.00166551748274075,0.000663218805628322,0.00125708503366389,-0.0060145068900223,0.00626139716685101,-0.00176505321410553,0.0105037847191479,0.00716235100609194,-0.0118021928940629,0.00174697662592783,-0.00379954117284096,-0.00625024752393694,-0.00308969960255774,-0.00423743601540485,0.00170102340243854,-0.00226060079223044,-0.00321009622848738,-0.00325957597426524,0.00130009761934672,-0.000816521602629017,0.00125552412909456,0.000999512359140945,-0.00516955571506493,3477,0.976,332.18173,"Unknown","[M+H]+","ion correlated with 2963; ion correlated with 3025; ion correlated with 3628; ion correlated with 3334; ion correlated with 62; ion correlated with 2829; ion correlated with 3778; ion correlated with 3785; ion correlated with 916; ion correlated with 3132; ion correlated with 3393; ion correlated with 2891; ion correlated with 1544; ion correlated with 61; ion correlated with 3432; ion correlated with 3627; ion correlated with 1392; ion correlated with 3786",FALSE,"null","null","null",174.9,942.841592920354,15,0.0223046413243478
"F2598_mz265.1122_rt0.48",0.0223040097595402,-0.000683879626686443,-0.00110083789977005,-0.00105771197018338,-0.000458732302789878,0.0142082540338595,0.0029771865583368,-0.00275412428140642,-0.00593952907973092,-0.00721893683107271,-0.0116583433933062,0.00280857304341779,-0.0022967352288276,-0.00540594805605735,-0.00126652682762953,-0.000435139274203554,0.00619641997883574,-0.00729204439962098,-0.00744737759020304,0.001720200390382,-0.00209994836001894,0.000212604813610776,0.00158735154211832,-0.0158512460670683,2598,0.478,265.11215,"Unknown","[M+H]+",NA,FALSE,"null","null","null",268.04,1933286,14,0.0223040097595402
"F4093_mz394.2956_rt3.31",-0.0223026991949096,-0.000179192390456883,0.00316889534848727,0.00245675322263647,-0.00384118328818642,-0.00438766589337776,-0.00797530557051353,-0.00964373388435571,0.00689509389878085,0.00223374044245788,-0.00350991164773137,0.000503467750323417,0.00146090147030032,-0.0158718209506715,-0.00148284544062362,0.00491166786351105,-0.00414154973377508,0.00172487885735647,0.000810964551822765,0.000417373735618273,0.00116516458094907,0.00153135626296412,-0.00104056678371583,0.00952167567375188,4093,3.307,394.29559,"Unknown","[M+H]+","ion correlated with 3279; ion correlated with 3470; ion correlated with 3848; ion correlated with 3899; ion correlated with 3975; ion correlated with 2678",FALSE,"null","null","null",60.81,346587,6,0.0223026991949096
"F3561_mz339.0598_rt0.53",-0.0222813762466242,-0.000247104289311417,0.00290415428652507,0.00119525057966452,-0.00456281189130862,0.00208385735231719,0.00153794115422767,-0.00102140581640494,-0.00905012575858842,-0.00117677548646144,-0.00474267590869414,0.0056233492977374,0.00279029724133246,0.0235583323416502,0.00460700111680798,-0.00395632450942187,0.00843564708887063,-0.002536947473774,-0.000552575532257108,-0.00159385968970517,0.00075233045110728,-0.00147253784944198,-0.00336487445892592,-0.0102384589085585,3561,0.533,339.05978,"Unknown","[M+H]+","ion correlated with 245; ion correlated with 4171; ion correlated with 2556; ion correlated with 2417; ion correlated with 4513; ion correlated with 1203; ion correlated with 1902; ion correlated with 1620",FALSE,"null","null","null",8089.75,708770,6,0.0222813762466242
"F3662_mz349.0897_rt1.03",-0.0222804088261386,-0.00163509690626931,0.00235723308159261,-0.000855410108903817,-0.00624950202264029,0.00503212878309824,0.0046389680825532,0.000372029955132562,-0.0163497832901059,0.000347782382897462,-0.00833110023404536,0.00677612753486736,0.000359102226854718,-0.00282326481739704,-0.00234292867702276,0.00233599166402147,0.00161589974804491,-0.000452662907767163,-0.00016080082377764,1.06723665547054e-05,0.000600455441705653,0.000107320557036066,-0.00156844193010629,-0.0031064147808411,3662,1.028,349.08972,"Unknown","[M+H]+","ion correlated with 3056; ion correlated with 4284; ion correlated with 4151; ion correlated with 4483; ion correlated with 4037; ion correlated with 4247; ion correlated with 3961; ion correlated with 4668; ion correlated with 4052; ion correlated with 3741; ion correlated with 3962; ion correlated with 392; ion correlated with 3757; ion correlated with 3536; ion correlated with 3830; similar chromatogram in higher mz_4042; similar chromatogram in higher mz_4115",FALSE,"null","null","null",8400.52,541510,6,0.0222804088261386
"F3897_mz371.193_rt1.04",0.0222785387806848,-0.00195464729519537,-0.000438664759175598,0.0010097146458051,-0.00985989792046065,0.00133461904965232,-0.00288295103565773,0.000447937374027902,-0.00221302483432849,-0.000587951816962311,0.000171195373727648,0.00586133865346724,-0.00449925112748259,-0.0035919109591515,-0.000715958172411316,0.000704100327625517,0.00627988997382245,-0.000211555363486035,0.0121502577641642,0.00107678569190046,-0.00112084654225299,0.00167642720739139,-0.0218874274169024,0.00917921374916186,3897,1.042,371.19302,"Unknown","[M+H]+","ion correlated with 4113; ion correlated with 4382; ion correlated with 4334; ion correlated with 4219; ion correlated with 4508; ion correlated with 4112; ion correlated with 3964; ion correlated with 4293; ion correlated with 3969; ion correlated with 4585; ion correlated with 4081; ion correlated with 3431",FALSE,"null","null","null",17.85,213.241214057508,13,0.0222785387806848
"F1393_mz176.1646_rt0.92",-0.0222636838086873,-0.00205214234292866,0.00352728025288138,0.00296663823744479,-0.00387313729577485,-0.00189534507415528,-0.0042011341177835,0.0105573488679065,0.0119546756731802,-0.00492944792868601,0.0008367751725095,-0.00122372544765093,0.00223987015427319,-0.00987004767101497,-0.00174365787632587,0.00111977232482784,-0.00413114554049281,0.00183567384016847,0.00214783596642011,-0.000190644794943871,0.00200859482703466,0.000931429793355454,-0.00212329347433407,0.00446421468485541,1393,0.92,176.16464,"Unknown","[M+H]+","ion correlated with 4069; ion correlated with 4514; ion correlated with 521; ion correlated with 3170; ion correlated with 3377; ion correlated with 1429; ion correlated with 4880; ion correlated with 2902; ion correlated with 1929; ion correlated with 1904; ion correlated with 4843",FALSE,"null","null","null",183.2,1015955,6,0.0222636838086873
"F4447_mz456.2082_rt0.9",0.0222568103258349,0.00198673882021462,-0.00315164690761053,0.00137612283422358,-0.00524440438162235,0.00538025993554126,0.0119772854090418,-0.00978993371769602,0.00365450930065798,0.00213126688013808,-0.00793581590254323,-0.00194295778450191,0.000159425695083639,-0.00436627376574963,-0.00131844072160977,0.000602088239844364,0.00121421647440926,-0.00369131917390398,0.00749618176263967,-0.00142655164019849,-0.0021868000114569,0.000328010597968968,0.00151275722253191,-0.00285912361966386,4447,0.897,456.20816,"Unknown","[M+H]+",NA,TRUE,"null","null","null",5357.34,14878929,13,0.0222568103258349
"F2628_mz267.8584_rt0.42",-0.0222524081334343,-0.000565226301940323,0.00396164399973102,0.00453434645425838,-0.0023103031964861,-0.00279338462340041,-0.00527816883788759,0.00197771315427237,0.00841460388961793,-0.000452344333570045,-0.00256215527787177,-0.000203859943454991,0.00139752019196892,-0.0203133530763646,-0.00336367046576568,0.00473232504125562,-0.0061346479592326,0.00256680683953472,0.0016145927567025,0.000477454960360267,0.00146978515996933,0.00163942884535745,-0.00110742189045673,0.00422587833827431,2628,0.416,267.8584,"Unknown","[M+H]+","ion correlated with 307; ion correlated with 96; ion correlated with 3084; ion correlated with 2159; ion correlated with 2186; ion correlated with 254; ion correlated with 801; ion correlated with 3328; ion correlated with 2602; ion correlated with 3696; ion correlated with 4589; ion correlated with 3927; ion correlated with 4476; ion correlated with 4689; ion correlated with 4731; ion correlated with 1564; ion correlated with 1872; ion correlated with 2044; ion correlated with 2129; ion correlated with 3038; ion correlated with 3708",FALSE,"null","null","null",4134.07,279961,6,0.0222524081334343
"F3312_mz317.1823_rt0.91",0.0222476379611944,0.00119729189010758,0.000997421077313343,0.000956311564646025,-0.0113441624014728,0.00525507690868994,-0.00507733606511094,-0.000574301881411734,-0.00256994755123116,-0.0058868549873968,-0.00265077944818902,-0.00259762804035847,0.00115006913078506,-0.000472085480481765,-0.00330538331799652,0.00509725239118979,-0.00143973775773708,-0.000215655838357973,-0.0024024326602316,-0.00324215803186492,-0.0173635196719993,-0.00214100863816475,0.00444152178493991,0.00674463325105759,3312,0.91,317.18234,"Unknown","[M+H]+","ion correlated with 47; ion correlated with 2643; ion correlated with 818; ion correlated with 398; ion correlated with 4011; ion correlated with 3478; ion correlated with 2727; ion correlated with 4054; ion correlated with 2264; ion correlated with 3651; ion correlated with 2963; ion correlated with 3025; ion correlated with 3628; ion correlated with 3334; ion correlated with 62; ion correlated with 3381; ion correlated with 2802; ion correlated with 2829; ion correlated with 3778; ion correlated with 3743; ion correlated with 3900; ion correlated with 1446; ion correlated with 3785; ion correlated with 916",FALSE,"null","null","null",264,1066878,13,0.0222476379611944
"F3975_mz380.2799_rt3.31",-0.0222410643512156,0.00126803051193236,0.00283424255903021,0.00178733101737974,-0.00357706939998482,-0.00410488562245178,-0.00615391374741384,-0.0199656099462586,-0.00498544611810697,-0.00199630750396868,0.00710847479841727,0.00335891115828613,-0.000679355287468533,-0.00834654608226804,-0.00147484825684411,0.00257002210788061,-0.00200965905568264,0.000565856132859916,-0.00025847995937346,0.000615798812548124,-0.000104280645797683,0.00126268539483187,0.000317957113841281,0.00332683803741063,3975,3.31,380.27988,"Unknown","[M+H]+","ion correlated with 3279; ion correlated with 3470; ion correlated with 3848; ion correlated with 3899; ion correlated with 4093",TRUE,"null","null","null",53.65,596911,6,0.0222410643512156
"F5102_mz746.2346_rt0.95",-0.022238069298657,-0.00275179523229392,0.00368946768609622,0.00293316969286969,-0.00416071530775635,0.00244268238456211,0.00107158782698513,0.0122950335853959,0.000684324954331284,8.97452444106748e-05,-0.00992709283740841,0.00227906691998557,0.00213656788793738,-0.0110046537291887,-0.00268724975637555,0.00314843872036173,-0.00230377756787731,0.00131566524524458,0.00141710389795605,-0.000117606592002253,0.00182135432327988,0.00062099433510044,-0.00240146397308942,0.00621165583709611,5102,0.95,746.23462,"Unknown","[M+H]+","ion correlated with 2695; ion correlated with 1886; ion correlated with 4073; ion correlated with 4151; ion correlated with 4483; ion correlated with 4729",FALSE,"null","null","null",20.29,153778,6,0.022238069298657
"F4696_mz529.2036_rt0.97",0.0222345452158602,-0.00112702091395574,-0.003279592790659,0.000123932867250735,0.000193169208409067,0.00639248411047108,0.0127841018204096,-0.00769858345586006,0.00857972233169803,-0.00132286281534767,-0.000978111730790058,0.00258786907835514,-0.00564059310038376,0.00297139983161442,-0.00376449822783326,0.00912505545239469,-0.00595024150236975,0.0108885041865716,0.000929577732432561,-0.00182241184419042,0.00984242219045886,-0.0154887051193441,0.0119510124294136,0.00163223578758009,4696,0.97,529.20361,"Unknown","[M+H]+",NA,FALSE,"null","null","null",5013.98,596092,13,0.0222345452158602
